{
	"type": "minecraft:disk",
	"config": {
		"state_provider": {
			"fallback": {
				"type": "minecraft:weighted_state_provider",
				"entries": [
					{
						"weight": 20,
						"data": {
							"Name": "minecraft:moss_block"
						}
					}
				]
			},
			"rules": []
		},
		"target": {
			"type": "minecraft:any_of",
			"predicates": [
				{
					"type": "minecraft:matching_block_tag",
					"tag": "minecraft:base_stone_overworld"
				},
				{
					"type": "minecraft:matching_blocks",
					"blocks": [
						"minecraft:mycelium",
						"minecraft:grass_block",
						"minecraft:moss_block",
						"minecraft:clay",
						"minecraft:gravel"
					]
				}
			]
		},
		"radius": {
			"type": "minecraft:uniform",
			"value": {
				"min_inclusive": 3,
				"max_inclusive": 4
			}
		},
		"half_height": 1
	}
}
