{
	"temperature": 0,
	"downfall": 0.4,
	"has_precipitation": true,
	"effects": {
		"sky_color": 11794175,
		"fog_color": 11794175,
		"water_color": 40447,
		"water_fog_color": 40447,
		"mood_sound": {
			"sound": "minecraft:ambient.cave",
			"tick_delay": 6000,
			"block_search_extent": 8,
			"offset": 2
		},
		"music": {
			"sound": "minecraft:music.overworld.dripstone_caves",
			"min_delay": 12000,
			"max_delay": 24000,
			"replace_current_music": false
		}
	},
	"spawners": {
		"ambient": [
			{
				"type": "minecraft:bat",
				"weight": 10,
				"minCount": 2,
				"maxCount": 3
			}
		],
		"axolotls": [],
		"creature": [],
		"misc": [],
		"monster": [
			{
				"type": "minecraft:goat",
				"weight": 5,
				"minCount": 1,
				"maxCount": 3
			},
			{
				"type": "minecraft:polar_bear",
				"weight": 1,
				"minCount": 1,
				"maxCount": 2
			},
			{
				"type": "minecraft:spider",
				"weight": 100,
				"minCount": 4,
				"maxCount": 4
			},
			{
				"type": "minecraft:zombie",
				"weight": 95,
				"minCount": 4,
				"maxCount": 4
			},
			{
				"type": "minecraft:zombie_villager",
				"weight": 5,
				"minCount": 1,
				"maxCount": 1
			},
			{
				"type": "minecraft:skeleton",
				"weight": 150,
				"minCount": 4,
				"maxCount": 4
			},
			{
				"type": "minecraft:creeper",
				"weight": 100,
				"minCount": 4,
				"maxCount": 4
			},
			{
				"type": "minecraft:slime",
				"weight": 100,
				"minCount": 4,
				"maxCount": 4
			},
			{
				"type": "minecraft:enderman",
				"weight": 10,
				"minCount": 1,
				"maxCount": 4
			},
			{
				"type": "minecraft:witch",
				"weight": 5,
				"minCount": 1,
				"maxCount": 1
			}
		],
		"underground_water_creature": [
			{
				"type": "minecraft:glow_squid",
				"weight": 10,
				"minCount": 4,
				"maxCount": 6
			}
		],
		"water_ambient": [],
		"water_creature": []
	},
	"spawn_costs": {},
	"carvers": {
		"air": [
			"minecraft:cave",
			"minecraft:cave_extra_underground",
			"minecraft:canyon",
			"cavernous:grand_ravine",
			"cavernous:flat_cave",
			"cavernous:snaking_ravine"
		]
	},
	"features": [
		[],
		[],
		[
			"minecraft:amethyst_geode",
			"cavernous:big_geode"
		],
		[
			"minecraft:monster_room",
			"minecraft:monster_room_deep"
		],
		[
			"cavernous:ice/icicle",
			"minecraft:ice_spike"
		],
		[],
		[
			"minecraft:ore_dirt",
			"minecraft:ore_gravel",
			"minecraft:ore_andesite_upper",
			"minecraft:ore_andesite_lower",
			"minecraft:ore_tuff",
			"minecraft:ore_coal_upper",
			"minecraft:ore_coal_lower",
			"minecraft:ore_iron_upper",
			"minecraft:ore_iron_middle",
			"minecraft:ore_iron_small",
			"minecraft:ore_gold",
			"minecraft:ore_gold_lower",
			"minecraft:ore_redstone",
			"minecraft:ore_redstone_lower",
			"minecraft:ore_diamond",
			"minecraft:ore_diamond_large",
			"minecraft:ore_diamond_buried",
			"minecraft:ore_lapis",
			"minecraft:ore_lapis_buried",
			"minecraft:ore_copper",
			"minecraft:underwater_magma"
		],
		[
			"cavernous:ice/coal_extra",
			"cavernous:ice/gold_extra",
			"cavernous:ice/iron_extra",
			"cavernous:ice/lapis_extra",
			"cavernous:ice/copper_extra",
			"cavernous:ice/diamond_extra",
			"cavernous:ice/diorite_extra",
			"cavernous:ice/redstone_extra",
			"cavernous:ice/ice_blob",
			"cavernous:ice/ice_blob_2"
		],
		[
			"minecraft:spring_water"
		],
		[
			"minecraft:glow_lichen",
			"minecraft:patch_sugar_cane",
			"minecraft:patch_pumpkin"
		],
		[
			"minecraft:freeze_top_layer"
		]
	]
}
