{
	"type": "minecraft:vegetation_patch",
	"config": {
		"surface": "ceiling",
		"depth": {
			"type": "minecraft:uniform",
			"value": {
				"min_inclusive": 1,
				"max_inclusive": 2
			}
		},
		"vertical_range": 5,
		"extra_bottom_block_chance": 0,
		"extra_edge_column_chance": 0.6,
		"vegetation_chance": 0.3,
		"xz_radius": {
			"type": "minecraft:uniform",
			"value": {
				"min_inclusive": 4,
				"max_inclusive": 8
			}
		},
		"replaceable": "#fokastudio:netherrack",
		"ground_state": {
			"type": "minecraft:weighted_state_provider",
			"entries": [
				{
					"weight": 12,
					"data": {
						"Name": "minecraft:packed_ice"
					}
				},
				{
					"weight": 1,
					"data": {
						"Name": "minecraft:blue_ice"
					}
				},
				{
					"weight": 30,
					"data": {
						"Name": "minecraft:netherrack"
					}
				},
				{
					"weight": 21,
					"data": {
						"Name": "minecraft:snow_block"
					}
				}
			]
		},
		"vegetation_feature": {
			"feature": {
				"type": "minecraft:no_op",
				"config": {}
			},
			"placement": []
		}
	}
}
