{
	"display": {
		"icon": {
			"item": "minecraft:basalt"
		},
		"title": {
			"text": "C'mon geys"
		},
		"description": {
			"text": "Get launched by a geyser in the volcanic caves"
		},
		"frame": "task",
		"show_toast": true,
		"announce_to_chat": true,
		"hidden": false
	},
	"parent": "cavernous:hot_in_here",
	"criteria": {
		"what": {
			"trigger": "minecraft:location",
			"conditions": {
				"player": {
					"location": {
						"biome": "cavernous:lava/volcanic_caves"
					},
					"effects": {
						"minecraft:levitation": {
							"amplifier": 22,
							"duration": 1
						}
					}
				}
			}
		}
	}
}
