{
	"__comment": "Made with TheDestruc7i0n's advancements generator: https://advancements.thedestruc7i0n.ca",
	"display": {
		"title": {
			"text": "Getting to the point"
		},
		"description": {
			"text": "Visited all caves with dripstone"
		},
		"icon": {
			"item": "minecraft:pointed_dripstone"
		},
		"frame": "task",
		"show_toast": true,
		"announce_to_chat": true,
		"hidden": false
	},
	"criteria": {
		"cavernous:dripstone/dense_dripstone_caves": {
			"conditions": {
				"player": [
					{
						"condition": "minecraft:entity_properties",
						"entity": "this",
						"predicate": {
							"location": {
								"biome": "cavernous:dripstone/dense_dripstone_caves"
							}
						}
					}
				]
			},
			"trigger": "minecraft:location"
		},
		"cavernous:dripstone/lush_dripstone_caves": {
			"conditions": {
				"player": [
					{
						"condition": "minecraft:entity_properties",
						"entity": "this",
						"predicate": {
							"location": {
								"biome": "cavernous:dripstone/lush_dripstone_caves"
							}
						}
					}
				]
			},
			"trigger": "minecraft:location"
		},
		"minecraft:dripstone_caves": {
			"conditions": {
				"player": [
					{
						"condition": "minecraft:entity_properties",
						"entity": "this",
						"predicate": {
							"location": {
								"biome": "minecraft:dripstone_caves"
							}
						}
					}
				]
			},
			"trigger": "minecraft:location"
		}
	},
	"parent": "cavernous:breaking_ground"
}
