{
	"display": {
		"icon": {
			"item": "minecraft:magma_block"
		},
		"title": {
			"text": "It's getting hot in here"
		},
		"description": {
			"text": "Crouch on a magma block in the volcanic caves"
		},
		"frame": "task",
		"show_toast": true,
		"announce_to_chat": true,
		"hidden": false
	},
	"parent": "cavernous:breaking_ground",
	"criteria": {
		"crouchonmagma": {
			"trigger": "minecraft:location",
			"conditions": {
				"player": {
					"location": {
						"biome": "cavernous:lava/volcanic_caves"
					},
					"stepping_on": {
						"block": {
							"blocks": [
								"minecraft:magma_block"
							]
						}
					},
					"flags": {
						"is_sneaking": true
					}
				}
			}
		}
	}
}
