{
    "feature": "nfb-ie:vanilla_biomes/down_basalts_short",
    "placement": [
      {
        "type": "minecraft:count",
        "count": 256
      },
      {
        "type": "minecraft:random_offset",
        "xz_spread": {
            "type": "weighted_list",
            "distribution": [
                {
                    "data": 1,
                    "weight": 1
                },
                {
                    "data": 2,
                    "weight": 1
                },
                {
                    "data": 3,
                    "weight": 2
                },
                {
                    "data": 4,
                    "weight": 2
                },
                {
                    "data": 5,
                    "weight": 3
                },
                {
                    "data": 6,
                    "weight": 3
                },
                {
                    "data": 7,
                    "weight": 9
                },
                {
                    "data": 8,
                    "weight": 9
                },
                {
                    "data": 9,
                    "weight": 9
                },
                {
                    "data": 10,
                    "weight": 3
                },
                {
                    "data": 11,
                    "weight": 3
                },
                {
                    "data": 12,
                    "weight": 2
                },
                {
                    "data": 13,
                    "weight": 2
                },
                {
                    "data": 14,
                    "weight": 1
                },
                {
                    "data": 15,
                    "weight": 1
                },
                {
                    "data": 16,
                    "weight": 1
                }
            ]
        },
        "y_spread": 0
      },
      {
        "type": "minecraft:height_range",
        "height": {
          "type": "minecraft:uniform",
          "max_inclusive": {
            "absolute": 256
          },
          "min_inclusive": {
            "above_bottom": 0
          }
        }
      },
      {
        "type": "minecraft:environment_scan",
        "allowed_search_condition": {
          "type": "minecraft:matching_blocks",
          "blocks": "minecraft:air"
        },
        "direction_of_search": "up",
        "max_steps": 12,
        "target_condition": {
          "type": "minecraft:has_sturdy_face",
          "direction": "down"
        }
      },
      {
        "type": "minecraft:random_offset",
        "xz_spread": 0,
        "y_spread": -1
      },
      {
        "type": "minecraft:biome"
      }
    ]
  }