{
  "name": "revampedvillages:snowy/pool",
  "fallback": "minecraft:empty",
  "elements": [
	{
      "weight": 20,
      "element": {
        "location": "revampedvillages:snowy/center/shrine",
        "processors": "minecraft:empty",
		"projection": "rigid",
        "element_type": "minecraft:single_pool_element"
      }
    },
    {
      "weight": 20,
      "element": {
        "location": "revampedvillages:snowy/center/tree",
        "processors": "minecraft:empty",
		"projection": "rigid",
        "element_type": "minecraft:single_pool_element"
      }
    },
    {
      "weight": 20,
      "element": {
        "location": "revampedvillages:snowy/center/spikes",
        "processors": "minecraft:empty",
		"projection": "rigid",
        "element_type": "minecraft:single_pool_element"
      }
    }
  ]
}

