{
	"type": "minecraft:random_patch",
	"config": {
		"tries": 222,
		"xz_spread": 11,
		"y_spread": 11,
		"feature": {
			"feature": {
				"type": "minecraft:simple_block",
				"config": {
					"to_place": {
						"type": "minecraft:weighted_state_provider",
						"entries": [
							{
								"weight": 10,
								"data": {
									"Name": "minecraft:nether_sprouts"
								}
							},
							{
								"weight": 5,
								"data": {
									"Name": "minecraft:warped_fungus"
								}
							},
							{
								"weight": 20,
								"data": {
									"Name": "minecraft:warped_roots"
								}
							},
							{
								"weight": 10,
								"data": {
									"Name": "minecraft:crimson_fungus"
								}
							},
							{
								"weight": 60,
								"data": {
									"Name": "minecraft:crimson_roots"
								}
							}
						]
					}
				}
			},
			"placement": [
				{
					"type": "minecraft:block_predicate_filter",
					"predicate": {
						"type": "minecraft:all_of",
						"predicates": [
							{
								"type": "minecraft:matching_blocks",
								"blocks": [
									"minecraft:air"
								]
							},
							{
								"type": "minecraft:matching_blocks",
								"offset": [
									0,
									-1,
									0
								],
								"blocks": [
									"minecraft:soul_soil",
									"minecraft:warped_nylium",
									"minecraft:crimson_nylium"
								]
							},
							{
								"type": "minecraft:not",
								"predicate": {
									"type": "minecraft:matching_blocks",
									"blocks": [
										"minecraft:lava"
									]
								}
							},
							{
								"type": "minecraft:not",
								"predicate": {
									"type": "minecraft:matching_blocks",
									"offset": [
										0,
										1,
										0
									],
									"blocks": [
										"minecraft:lava"
									]
								}
							}
						]
					}
				}
			]
		}
	}
}
