{
    "feature": "nfb-ie:deepslate_depths/deepslate_iron",
    "placement": [
        {
            "type": "count",
            "count": 14
        },
        {
            "type": "in_square"
        },
        {
            "type": "biome"
        },
        {
            "type": "height_range",
            "height": {
                "type": "uniform",
                "min_inclusive": {
                    "above_bottom": 10
                },
                "max_inclusive": {
                    "below_top": 7
                }
            }
        }
    ]
}