{
	"type": "minecraft:waterlogged_vegetation_patch",
	"config": {
		"surface": "floor",
		"depth": {
			"type": "minecraft:uniform",
			"value": {
				"min_inclusive": 1,
				"max_inclusive": 2
			}
		},
		"vertical_range": 5,
		"extra_bottom_block_chance": 0.8,
		"extra_edge_column_chance": 0.7,
		"vegetation_chance": 0,
		"xz_radius": {
			"type": "minecraft:uniform",
			"value": {
				"min_inclusive": 2,
				"max_inclusive": 6
			}
		},
		"replaceable": "#minecraft:base_stone_overworld",
		"ground_state": {
			"type": "minecraft:weighted_state_provider",
			"entries": [
				{
					"weight": 1,
					"data": {
						"Name": "minecraft:red_sand"
					}
				},
				{
					"weight": 3,
					"data": {
						"Name": "minecraft:yellow_terracotta"
					}
				}
			]
		},
		"vegetation_feature": {
			"feature": "minecraft:dripleaf",
			"placement": []
		}
	}
}
