{
    "type": "random_patch",
    "config": {
        "xz_spread": 0,
        "y_spread": 0,
        "tries": 4,
        "feature": {
            "feature": {
                "type": "simple_random_selector",
                "config": {
                    "features": [
                        {
                            "placement": [],
                            "feature": {
                                "type": "disk",
                                "config": {
                    "state_provider": {
                        "rules": [],
                        "fallback": {
                            "type": "minecraft:weighted_state_provider",
                            "entries": [
                                {
                                    "data": {
                                        "Name": "minecraft:soul_sand",
                                        "Properties": {}
                                    },
                                    "weight": 1
                                },
                                {
                                    "data": {
                                        "Name": "minecraft:rooted_dirt",
                                        "Properties": {}
                                    },
                                    "weight": 2
                                },
                                {
                                    "data": {
                                        "Name": "minecraft:coarse_dirt",
                                        "Properties": {}
                                    },
                                    "weight": 2
                                },
                                {
                                    "data": {
                                        "Name": "minecraft:red_sand",
                                        "Properties": {}
                                    },
                                    "weight": 5
                                }
                            ]
                        }
                    },
                    "radius": {
                        "type": "weighted_list",
                        "distribution": [
                            {
                                "data": 4,
                                "weight": 8
                            },
                            {
                                "data": 5,
                                "weight": 3
                            }
                        ]
                    },
                    "half_height": 4,
                    "target": {
                        "type": "all_of",
                        "predicates": [
                            {
                                "type": "minecraft:matching_blocks",
                                "blocks": "red_sand"
                            }
                        ]
                    }
                                }
                            }
                        },
                        {
                            "placement": [],
                            "feature": {
                                "type": "random_patch",
                                "config": {
                                                    "feature": {
                                                        "feature": {
                                                            "type": "simple_block",
                                                            "config": {
                                                                "to_place": {
                                                                    "type": "simple_state_provider",
                                                                    "state": {
                                                                        "Name": "minecraft:dead_bush"
                                                                    }
                                                                }
                                                            }
                                                        },
                                                        "placement": [
                                                            {
                                                                "type": "minecraft:block_predicate_filter",
                                                                "predicate": {
                                                                    "type": "minecraft:matching_blocks",
                                                                    "blocks": "minecraft:air"
                                                                }
                                                            }
                                                        ]
                                                    },
                                                    "tries": 60,
                                                    "xz_spread": 7,
                                                    "y_spread": 3
                                }
                            }
                        }
                    ]
                }
            },
            "placement": []
        }
    }
}