{
  "type": "random_patch",
  "config": {
      "xz_spread": 0,
      "y_spread": 0,
      "tries": 4,
      "feature": {
          "feature": {
              "type": "simple_random_selector",
              "config": {
                  "features": [
                      {
                          "placement": [],
                          "feature": {
                              "type": "disk",
                              "config": {
                  "state_provider": {
                      "rules": [],
                      "fallback": {
                          "type": "minecraft:weighted_state_provider",
                          "entries": [
                              {
                                  "data": {
                                      "Name": "minecraft:dripstone_block",
                                      "Properties": {}
                                  },
                                  "weight": 3
                              },
                              {
                                  "data": {
                                      "Name": "minecraft:smooth_red_sandstone",
                                      "Properties": {}
                                  },
                                  "weight": 5
                              }
                          ]
                      }
                  },
                  "radius": {
                      "type": "weighted_list",
                      "distribution": [
                          {
                              "data": 4,
                              "weight": 8
                          },
                          {
                              "data": 5,
                              "weight": 3
                          }
                      ]
                  },
                  "half_height": 4,
                  "target": {
                      "type": "all_of",
                      "predicates": [
                          {
                              "type": "minecraft:matching_blocks",
                              "blocks": "smooth_red_sandstone"
                          }
                      ]
                  }
                              }
                          }
                      },
                      {
                          "placement": [],
                          "feature": {
                              "type": "random_patch",
                              "config": {
                                                  "feature": {
                                                      "feature": {
                                                        "type": "random_selector",
                                                        "config": {
                                                          "default": {
                                                            "feature": "bonus_chest",
                                                            "placement": [
                                                              {
                                                                "type": "block_predicate_filter",
                                                                "predicate": {
                                                                  "type": "minecraft:not",
                                                                  "predicate": {
                                                                    "type": "minecraft:true"
                                                                  }
                                                                }
                                                              }
                                                            ]
                                                          },
                                                          "features": [
                                                            {
                                                              "chance": 0.6,
                                                              "feature": {
                                                                "placement": [
                                                                  {
                                                                    "type": "block_predicate_filter",
                                                                    "predicate": {
                                                                      "type": "minecraft:all_of",
                                                                      "predicates": [
                                                                        {
                                                                          "type": "matching_blocks",
                                                                          "blocks": "air"
                                                                        },
                                                                        {
                                                                          "type": "matching_blocks",
                                                                          "blocks": ["dripstone_block","red_sand","smooth_red_sandstone"],
                                                                          "offset": [
                                                                              0,
                                                                              1,
                                                                              0
                                                                          ]
                                                                        }
                                                                      ]
                                                                    }
                                                                  }
                                                                ],
                                                                "feature": {
                                                                  "type": "simple_block",
                                                                  "config": {
                                                                      "to_place": {
                                                                          "type": "simple_state_provider",
                                                                          "state": {
                                                                              "Name": "minecraft:pointed_dripstone",
                                                                              "Properties": {
                                                                                "thickness": "tip",
                                                                                "vertical_direction": "down",
                                                                                "waterlogged": "false"
                                                                              }
                                                                          }
                                                                      }
                                                                  }
                                                                }
                                                              }
                                                            },
                                                            {
                                                              "chance": 0.2,
                                                              "feature": {
                                                                "placement": [
                                                                  {
                                                                    "type": "block_predicate_filter",
                                                                    "predicate": {
                                                                      "type": "minecraft:all_of",
                                                                      "predicates": [
                                                                        {
                                                                          "type": "matching_blocks",
                                                                          "blocks": "air"
                                                                        },
                                                                        {
                                                                          "type": "matching_blocks",
                                                                          "blocks": ["dripstone_block","red_sand","smooth_red_sandstone"],
                                                                          "offset": [
                                                                              0,
                                                                              1,
                                                                              0
                                                                          ]
                                                                        }
                                                                      ]
                                                                    }
                                                                  }
                                                                ],
                                                                "feature": {
                                                                  "type": "block_column",
                                                                  "config": {
                                                                    "direction": "down",
                                                                    "allowed_placement": {
                                                                      "type": "matching_blocks",
                                                                      "blocks": "air"
                                                                    },
                                                                    "prioritize_tip": true,
                                                                    "layers": [
                                                                      {
                                                                        "height": 1,
                                                                        "provider": {
                                                                          "type": "minecraft:simple_state_provider",
                                                                          "state": {
                                                                            "Name": "minecraft:pointed_dripstone",
                                                                            "Properties": {
                                                                              "thickness": "frustum",
                                                                              "vertical_direction": "down",
                                                                              "waterlogged": "false"
                                                                            }
                                                                          }
                                                                        }
                                                                      },
                                                                      {
                                                                        "height": 1,
                                                                        "provider": {
                                                                          "type": "minecraft:simple_state_provider",
                                                                          "state": {
                                                                            "Name": "minecraft:pointed_dripstone",
                                                                            "Properties": {
                                                                              "thickness": "tip",
                                                                              "vertical_direction": "down",
                                                                              "waterlogged": "false"
                                                                            }
                                                                          }
                                                                        }
                                                                      }
                                                                    ]
                                                                  }
                                                                }
                                                              }
                                                            },
                                                            {
                                                              "chance": 0.2,
                                                              "feature": {
                                                                "placement": [
                                                                  {
                                                                    "type": "block_predicate_filter",
                                                                    "predicate": {
                                                                      "type": "minecraft:all_of",
                                                                      "predicates": [
                                                                        {
                                                                          "type": "matching_blocks",
                                                                          "blocks": "air"
                                                                        },
                                                                        {
                                                                          "type": "matching_blocks",
                                                                          "blocks": ["dripstone_block","red_sand","smooth_red_sandstone"],
                                                                          "offset": [
                                                                              0,
                                                                              1,
                                                                              0
                                                                          ]
                                                                        }
                                                                      ]
                                                                    }
                                                                  }
                                                                ],
                                                                "feature": {
                                                                  "type": "block_column",
                                                                  "config": {
                                                                    "direction": "down",
                                                                    "allowed_placement": {
                                                                      "type": "matching_blocks",
                                                                      "blocks": "air"
                                                                    },
                                                                    "prioritize_tip": true,
                                                                    "layers": [
                                                                      {
                                                                        "height": 1,
                                                                        "provider": {
                                                                          "type": "minecraft:simple_state_provider",
                                                                          "state": {
                                                                            "Name": "minecraft:pointed_dripstone",
                                                                            "Properties": {
                                                                              "thickness": "base",
                                                                              "vertical_direction": "down",
                                                                              "waterlogged": "false"
                                                                            }
                                                                          }
                                                                        }
                                                                      },
                                                                      {
                                                                        "height": 1,
                                                                        "provider": {
                                                                          "type": "minecraft:simple_state_provider",
                                                                          "state": {
                                                                            "Name": "minecraft:pointed_dripstone",
                                                                            "Properties": {
                                                                              "thickness": "frustum",
                                                                              "vertical_direction": "down",
                                                                              "waterlogged": "false"
                                                                            }
                                                                          }
                                                                        }
                                                                      },
                                                                      {
                                                                        "height": 1,
                                                                        "provider": {
                                                                          "type": "minecraft:simple_state_provider",
                                                                          "state": {
                                                                            "Name": "minecraft:pointed_dripstone",
                                                                            "Properties": {
                                                                              "thickness": "tip",
                                                                              "vertical_direction": "down",
                                                                              "waterlogged": "false"
                                                                            }
                                                                          }
                                                                        }
                                                                      }
                                                                    ]
                                                                  }
                                                                }
                                                              }
                                                            }
                                                          ]
                                                        }
                                                      },
                                                      "placement": [
                                                          {
                                                              "type": "minecraft:block_predicate_filter",
                                                              "predicate": {
                                                                  "type": "minecraft:matching_blocks",
                                                                  "blocks": "minecraft:air"
                                                              }
                                                          }
                                                      ]
                                                  },
                                                  "tries": 96,
                                                  "xz_spread": 7,
                                                  "y_spread": 3
                              }
                          }
                      }
                  ]
              }
          },
          "placement": []
      }
  }
}