{
    "type": "minecraft:tree",
    "config": {
      "ignore_vines": false,
      "force_dirt": true,
      "minimum_size": {
        "type": "minecraft:two_layers_feature_size",
        "limit": 0,
        "lower_size": 0,
        "upper_size": 0
      },
      "dirt_provider": {
        "type": "minecraft:simple_state_provider",
        "state": {
          "Name": "minecraft:dirt"
        }
      },
      "trunk_provider": {
        "type": "minecraft:simple_state_provider",
        "state": {
          "Name": "minecraft:mushroom_stem",
          "Properties": {}
        }
      },
      "foliage_provider": {
        "type": "minecraft:simple_state_provider",
        "state": {
          "Name": "minecraft:red_mushroom_block",
          "Properties": {}
        }
      },
      "trunk_placer": {
        "type": "minecraft:straight_trunk_placer",
        "base_height": 3,
        "height_rand_a": 1,
        "height_rand_b": 2
      },
      "foliage_placer": {
        "type": "minecraft:blob_foliage_placer",
        "radius": 2,
        "offset": 2,
        "height": 3
      },
      "decorators": []
    }
  }
  