{
    "type": "minecraft:tree",
    "config": {
      "ignore_vines": true,
      "minimum_size": {
        "type": "minecraft:two_layers_feature_size",
        "min_clipped_height": 0,
        "limit": 0,
        "lower_size": 1,
        "upper_size": 1
      },
      "dirt_provider": {
        "type": "minecraft:simple_state_provider",
        "state": {
          "Name": "minecraft:dirt"
        }
      },
      "trunk_provider": {
        "type": "minecraft:simple_state_provider",
        "state": {
          "Name": "minecraft:acacia_log",
          "Properties": {
            "axis": "y"
          }
        }
      },
      "foliage_provider": {
        "type": "minecraft:simple_state_provider",
        "state": {
          "Name": "minecraft:acacia_leaves",
          "Properties": {
            "distance": "7",
            "persistent": "false"
          }
        }
      },
      "trunk_placer": {
        "type": "minecraft:straight_trunk_placer",
        "base_height": 1,
        "height_rand_a": 0,
        "height_rand_b": 0
      },
      "foliage_placer": {
        "type": "minecraft:bush_foliage_placer",
        "radius": 2,
        "offset": 1,
        "height": 2
      },
      "decorators": []
    }
  }
  