{
    "type": "minecraft:tree",
    "config": {
      "ignore_vines": true,
      "force_dirt": false,
      "minimum_size": {
        "type": "minecraft:three_layers_feature_size",
        "limit": 1,
        "upper_limit": 1,
        "lower_size": 0,
        "middle_size": 1,
        "upper_size": 2
      },
      "dirt_provider": {
        "type": "minecraft:simple_state_provider",
        "state": {
          "Name": "minecraft:dirt"
        }
      },
      "trunk_provider": {
        "type": "minecraft:simple_state_provider",
        "state": {
          "Name": "minecraft:dark_oak_log",
          "Properties": {
            "axis": "y"
          }
        }
      },
      "foliage_provider": {
        "type": "minecraft:simple_state_provider",
        "state": {
          "Name": "minecraft:dark_oak_leaves",
          "Properties": {
            "distance": "7",
            "persistent": "false",
            "waterlogged": "false"
          }
        }
      },
      "root_placer": {
        "type": "minecraft:mangrove_root_placer",
        "root_provider": {
          "type": "minecraft:simple_state_provider",
          "state": {
            "Name": "minecraft:dark_oak_wood"
          }
        },
        "trunk_offset_y": 0,
        "mangrove_root_placement": {
          "max_root_width": 3,
          "max_root_length": 3,
          "random_skew_chance": 0.4,
          "can_grow_through": "minecraft:grass_block",
          "muddy_roots_in": "minecraft:grass_block",
          "muddy_roots_provider": {
            "type": "minecraft:simple_state_provider",
            "state": {
              "Name": "minecraft:oak_wood"
            }
          }
        }
      },
      "trunk_placer": {
        "type": "minecraft:dark_oak_trunk_placer",
        "base_height": 8,
        "height_rand_a": 2,
        "height_rand_b": 1
      },
      "foliage_placer": {
        "type": "minecraft:dark_oak_foliage_placer",
        "radius": 0,
        "offset": 0
      },
      "decorators": []
    }
  }
  