{
  "type": "minecraft:tree",
  "config": {
    "force_dirt": false,
    "minimum_size": {
      "type": "minecraft:two_layers_feature_size",
      "limit": 1,
      "lower_size": 0,
      "upper_size": 2
    },
    "dirt_provider": {
      "type": "minecraft:simple_state_provider",
      "state": {
        "Name": "minecraft:stone"
      }
    },
    "trunk_provider": {
      "type": "minecraft:simple_state_provider",
      "state": {
        "Name": "minecraft:jungle_log",
        "Properties": {
          "axis": "y"
        }
      }
    },
    "foliage_provider": {
      "type": "minecraft:simple_state_provider",
      "state": {
        "Name": "minecraft:jungle_leaves"
      }
    },
    "root_placer": {
      "type": "minecraft:mangrove_root_placer",
      "root_provider": {
        "type": "minecraft:simple_state_provider",
        "state": {
          "Name": "minecraft:jungle_wood"
        }
      },
      "trunk_offset_y": 0,
      "mangrove_root_placement": {
        "max_root_width": 3,
        "max_root_length": 7,
        "random_skew_chance": 0.1,
        "can_grow_through": "minecraft:grass_block",
        "muddy_roots_in": "minecraft:grass_block",
        "muddy_roots_provider": {
          "type": "minecraft:simple_state_provider",
          "state": {
            "Name": "minecraft:jungle_wood"
          }
        }
      }
    },
    "trunk_placer": {
      "type": "minecraft:forking_trunk_placer",
      "base_height": 5,
      "height_rand_a": 2,
      "height_rand_b": 4
    },
    "foliage_placer": {
      "type": "minecraft:acacia_foliage_placer",
      "radius": 2,
      "offset": 0
    },
    "decorators": [
      {
        "type": "minecraft:trunk_vine"
      },
      {
        "type": "minecraft:leave_vine",
        "probability": 0.1
      },
      {
        "type": "minecraft:cocoa",
        "probability": 0.2
      }
    ]
  }
}
