{
    "type": "minecraft:tree",
    "config": {
      "ignore_vines": true,
      "force_dirt": true,
      "minimum_size": {
        "type": "minecraft:two_layers_feature_size",
        "min_clipped_height": 0,
        "limit": 0,
        "lower_size": 1,
        "upper_size": 0
      },
      "dirt_provider": {
        "type": "minecraft:simple_state_provider",
        "state": {
          "Name": "minecraft:dirt"
        }
      },
      "trunk_provider": {
        "type": "minecraft:simple_state_provider",
        "state": {
          "Name": "minecraft:spruce_log"
        }
      },
      "foliage_provider": {
        "type": "minecraft:simple_state_provider",
        "state": {
          "Name": "minecraft:spruce_leaves",
          "Properties": {
            "distance": "7",
            "persistent": "false"
          }
        }
      },
      "trunk_placer": {
        "type": "minecraft:straight_trunk_placer",
        "base_height": 4,
        "height_rand_a": 1,
        "height_rand_b": 1
      },
      "foliage_placer": {
        "type": "minecraft:mega_pine_foliage_placer",
        "radius": 1,
        "offset": {
          "type": "minecraft:uniform",
          "value": {
            "min_inclusive": 1,
            "max_inclusive": 2
          }
        },
        "crown_height": {
          "type": "minecraft:clamped_normal",
          "value": {
            "min_inclusive": 8,
            "max_inclusive": 11,
            "mean": 8,
            "deviation": 3
          }
        }
      },
      "decorators": []
    }
  }
  