{
    "type": "minecraft:tree",
    "config": {
      "ignore_vines": true,
      "minimum_size": {
        "limit": 2,
        "lower_size": 0,
        "upper_size": 2,
        "type": "minecraft:two_layers_feature_size"
      },
      "decorators": [],
      "trunk_provider": {
        "state": {
          "Properties": {
            "axis": "y"
          },
          "Name": "minecraft:spruce_log"
        },
        "type": "minecraft:simple_state_provider"
      },
      "foliage_placer": {
        "radius": {
          "type": "minecraft:uniform",
          "value": {
            "min_inclusive": 3,
            "max_inclusive": 3
          }
        },
        "offset": {
          "type": "minecraft:uniform",
          "value": {
            "min_inclusive": 0,
            "max_inclusive": 2
          }
        },
        "trunk_height": {
          "type": "minecraft:uniform",
          "value": {
            "min_inclusive": 4,
            "max_inclusive": 5
          }
        },
        "type": "minecraft:spruce_foliage_placer"
      },
      "trunk_placer": {
        "base_height": 13,
        "height_rand_a": 4,
        "height_rand_b": 4,
        "type": "minecraft:straight_trunk_placer"
      },
      "foliage_provider": {
        "state": {
          "Properties": {
            "persistent": "false",
            "distance": "7"
          },
          "Name": "minecraft:birch_leaves"
        },
        "type": "minecraft:simple_state_provider"
      },
      "force_dirt": false,
      "sapling_provider": {
        "type": "minecraft:simple_state_provider",
        "state": {
          "Name": "minecraft:oak_sapling",
          "Properties": {
            "stage": "0"
          }
        }
      },
      "dirt_provider": {
        "state": {
          "Name": "minecraft:dirt"
        },
        "type": "minecraft:simple_state_provider"
      }
    }
  }
  