{
	"type": "minecraft:vegetation_patch",
	"config": {
		"surface": "floor",
		"depth": 1,
		"vertical_range": 5,
		"extra_bottom_block_chance": 0,
		"extra_edge_column_chance": 0.3,
		"vegetation_chance": 0.3,
		"xz_radius": {
			"type": "minecraft:uniform",
			"value": {
				"min_inclusive": 3,
				"max_inclusive": 4
			}
		},
		"replaceable": "#cavernous:ground_blocks_marshy_caves",
		"ground_state": {
			"type": "minecraft:simple_state_provider",
			"state": {
				"Name": "minecraft:mud"
			}
		},
		"vegetation_feature": {
			"feature": "cavernous:lush/marsh/ground_vegetation",
			"placement": []
		}
	}
}
