{
	"type": "minecraft:simple_random_selector",
	"config": {
		"features": [
			{
				"feature": {
					"type": "minecraft:simple_block",
					"config": {
						"to_place": {
							"type": "minecraft:simple_state_provider",
							"state": {
								"Name": "minecraft:kelp",
								"Properties": {
									"age": "4"
								}
							}
						}
					}
				},
				"placement": []
			},
			{
				"feature": {
					"type": "minecraft:simple_block",
					"config": {
						"to_place": {
							"type": "minecraft:simple_state_provider",
							"state": {
								"Name": "minecraft:seagrass"
							}
						}
					}
				},
				"placement": []
			},
			{
				"feature": {
					"type": "minecraft:simple_block",
					"config": {
						"to_place": {
							"type": "minecraft:weighted_state_provider",
							"entries": [
								{
									"weight": 1,
									"data": {
										"Name": "minecraft:small_dripleaf",
										"Properties": {
											"facing": "east",
											"half": "lower",
											"waterlogged": "false"
										}
									}
								},
								{
									"weight": 1,
									"data": {
										"Name": "minecraft:small_dripleaf",
										"Properties": {
											"facing": "west",
											"half": "lower",
											"waterlogged": "false"
										}
									}
								},
								{
									"weight": 1,
									"data": {
										"Name": "minecraft:small_dripleaf",
										"Properties": {
											"facing": "north",
											"half": "lower",
											"waterlogged": "false"
										}
									}
								},
								{
									"weight": 1,
									"data": {
										"Name": "minecraft:small_dripleaf",
										"Properties": {
											"facing": "south",
											"half": "lower",
											"waterlogged": "false"
										}
									}
								}
							]
						}
					}
				},
				"placement": []
			},
			{
				"feature": {
					"type": "minecraft:block_column",
					"config": {
						"direction": "up",
						"allowed_placement": {
							"type": "minecraft:matching_blocks",
							"blocks": [
								"minecraft:air",
								"minecraft:water"
							]
						},
						"prioritize_tip": true,
						"layers": [
							{
								"height": {
									"type": "minecraft:weighted_list",
									"distribution": [
										{
											"weight": 2,
											"data": {
												"type": "minecraft:uniform",
												"value": {
													"min_inclusive": 0,
													"max_inclusive": 4
												}
											}
										},
										{
											"weight": 1,
											"data": 0
										}
									]
								},
								"provider": {
									"type": "minecraft:simple_state_provider",
									"state": {
										"Name": "minecraft:big_dripleaf_stem",
										"Properties": {
											"facing": "east",
											"waterlogged": "false"
										}
									}
								}
							},
							{
								"height": 1,
								"provider": {
									"type": "minecraft:simple_state_provider",
									"state": {
										"Name": "minecraft:big_dripleaf",
										"Properties": {
											"facing": "east",
											"tilt": "none",
											"waterlogged": "false"
										}
									}
								}
							}
						]
					}
				},
				"placement": []
			},
			{
				"feature": {
					"type": "minecraft:block_column",
					"config": {
						"direction": "up",
						"allowed_placement": {
							"type": "minecraft:matching_blocks",
							"blocks": [
								"minecraft:air",
								"minecraft:water"
							]
						},
						"prioritize_tip": true,
						"layers": [
							{
								"height": {
									"type": "minecraft:weighted_list",
									"distribution": [
										{
											"weight": 2,
											"data": {
												"type": "minecraft:uniform",
												"value": {
													"min_inclusive": 0,
													"max_inclusive": 4
												}
											}
										},
										{
											"weight": 1,
											"data": 0
										}
									]
								},
								"provider": {
									"type": "minecraft:simple_state_provider",
									"state": {
										"Name": "minecraft:big_dripleaf_stem",
										"Properties": {
											"facing": "west",
											"waterlogged": "false"
										}
									}
								}
							},
							{
								"height": 1,
								"provider": {
									"type": "minecraft:simple_state_provider",
									"state": {
										"Name": "minecraft:big_dripleaf",
										"Properties": {
											"facing": "west",
											"tilt": "none",
											"waterlogged": "false"
										}
									}
								}
							}
						]
					}
				},
				"placement": []
			},
			{
				"feature": {
					"type": "minecraft:block_column",
					"config": {
						"direction": "up",
						"allowed_placement": {
							"type": "minecraft:matching_blocks",
							"blocks": [
								"minecraft:air",
								"minecraft:water"
							]
						},
						"prioritize_tip": true,
						"layers": [
							{
								"height": {
									"type": "minecraft:weighted_list",
									"distribution": [
										{
											"weight": 2,
											"data": {
												"type": "minecraft:uniform",
												"value": {
													"min_inclusive": 0,
													"max_inclusive": 4
												}
											}
										},
										{
											"weight": 1,
											"data": 0
										}
									]
								},
								"provider": {
									"type": "minecraft:simple_state_provider",
									"state": {
										"Name": "minecraft:big_dripleaf_stem",
										"Properties": {
											"facing": "south",
											"waterlogged": "false"
										}
									}
								}
							},
							{
								"height": 1,
								"provider": {
									"type": "minecraft:simple_state_provider",
									"state": {
										"Name": "minecraft:big_dripleaf",
										"Properties": {
											"facing": "south",
											"tilt": "none",
											"waterlogged": "false"
										}
									}
								}
							}
						]
					}
				},
				"placement": []
			},
			{
				"feature": {
					"type": "minecraft:block_column",
					"config": {
						"direction": "up",
						"allowed_placement": {
							"type": "minecraft:matching_blocks",
							"blocks": [
								"minecraft:air",
								"minecraft:water"
							]
						},
						"prioritize_tip": true,
						"layers": [
							{
								"height": {
									"type": "minecraft:weighted_list",
									"distribution": [
										{
											"weight": 2,
											"data": {
												"type": "minecraft:uniform",
												"value": {
													"min_inclusive": 0,
													"max_inclusive": 4
												}
											}
										},
										{
											"weight": 1,
											"data": 0
										}
									]
								},
								"provider": {
									"type": "minecraft:simple_state_provider",
									"state": {
										"Name": "minecraft:big_dripleaf_stem",
										"Properties": {
											"facing": "north",
											"waterlogged": "false"
										}
									}
								}
							},
							{
								"height": 1,
								"provider": {
									"type": "minecraft:simple_state_provider",
									"state": {
										"Name": "minecraft:big_dripleaf",
										"Properties": {
											"facing": "north",
											"tilt": "none",
											"waterlogged": "false"
										}
									}
								}
							}
						]
					}
				},
				"placement": []
			}
		]
	}
}
