{
	"type": "minecraft:random_patch",
	"config": {
		"tries": 140,
		"xz_spread": 4,
		"y_spread": 4,
		"feature": {
			"feature": "cavernous:deep_dark/sculklands/vegetation",
			"placement": [
				{
					"type": "minecraft:block_predicate_filter",
					"predicate": {
						"type": "minecraft:all_of",
						"predicates": [
							{
								"type": "minecraft:matching_blocks",
								"blocks": "minecraft:air"
							},
							{
								"type": "minecraft:matching_blocks",
								"offset": [
									0,
									-1,
									0
								],
								"blocks": [
									"minecraft:grass_block",
									"warped_wart_block"
								]
							}
						]
					}
				}
			]
		}
	}
}
