{
	"type": "minecraft:simple_block",
	"config": {
		"to_place": {
			"type": "minecraft:weighted_state_provider",
			"entries": [
				{
					"weight": 40,
					"data": {
						"Name": "minecraft:grass"
					}
				},
				{
					"weight": 30,
					"data": {
						"Name": "minecraft:crimson_roots"
					}
				},
				{
					"weight": 40,
					"data": {
						"Name": "minecraft:fern"
					}
				},
				{
					"weight": 30,
					"data": {
						"Name": "minecraft:large_fern",
						"Properties": {
							"half": "lower"
						}
					}
				},
				{
					"weight": 3,
					"data": {
						"Name": "minecraft:lily_of_the_valley",
						"Properties": {
							"half": "lower"
						}
					}
				},
				{
					"weight": 25,
					"data": {
						"Name": "minecraft:brown_mushroom"
					}
				},
				{
					"weight": 5,
					"data": {
						"Name": "minecraft:crimson_fungus"
					}
				},
				{
					"weight": 25,
					"data": {
						"Name": "minecraft:red_mushroom"
					}
				}
			]
		}
	}
}
