{
	"type": "minecraft:vegetation_patch",
	"config": {
		"surface": "floor",
		"depth": 1,
		"vertical_range": 1,
		"extra_bottom_block_chance": 0,
		"extra_edge_column_chance": 0,
		"vegetation_chance": 0.035,
		"xz_radius": {
			"type": "minecraft:uniform",
			"value": {
				"min_inclusive": 3,
				"max_inclusive": 6
			}
		},
		"replaceable": "#cavernous:ancient_replacable",
		"ground_state": {
			"type": "minecraft:noise_threshold_provider",
			"seed": 1231254,
			"noise": {
				"firstOctave": -6,
				"amplitudes": [
					1,
					1,
					1
				]
			},
			"scale": 0.005,
			"threshold": -0.8,
			"high_chance": 0.3333,
			"default_state": {
				"Name": "minecraft:moss_block"
			},
			"low_states": [
				{
					"Name": "minecraft:mycelium",
					"Properties": {
						"snowy": "false"
					}
				}
			],
			"high_states": [
				{
					"Name": "minecraft:grass_block",
					"Properties": {
						"snowy": "false"
					}
				},
				{
					"Name": "minecraft:mycelium",
					"Properties": {
						"snowy": "false"
					}
				}
			]
		},
		"vegetation_feature": {
			"feature": "cavernous:lush/ancient/ancient_vegetation",
			"placement": []
		}
	}
}
