{
	"type": "minecraft:huge_brown_mushroom",
	"config": {
		"cap_provider": {
			"type": "minecraft:simple_state_provider",
			"state": {
				"Name": "minecraft:red_mushroom_block",
				"Properties": {
					"down": "false",
					"east": "true",
					"north": "true",
					"south": "true",
					"up": "true",
					"west": "true"
				}
			}
		},
		"stem_provider": {
			"type": "minecraft:simple_state_provider",
			"state": {
				"Name": "minecraft:mushroom_stem",
				"Properties": {
					"down": "false",
					"east": "true",
					"north": "true",
					"south": "true",
					"up": "false",
					"west": "true"
				}
			}
		},
		"foliage_radius": 1
	}
}
