{
	"type": "minecraft:tree",
	"config": {
		"ignore_vines": true,
		"force_dirt": false,
		"minimum_size": {
			"type": "minecraft:two_layers_feature_size"
		},
		"dirt_provider": {
			"type": "minecraft:simple_state_provider",
			"state": {
				"Name": "minecraft:dirt"
			}
		},
		"trunk_provider": {
			"type": "minecraft:simple_state_provider",
			"state": {
				"Name": "minecraft:mushroom_stem",
				"Properties": {
					"down": "true",
					"east": "true",
					"north": "true",
					"south": "true",
					"up": "true",
					"west": "true"
				}
			}
		},
		"foliage_provider": {
			"type": "minecraft:simple_state_provider",
			"state": {
				"Name": "minecraft:brown_mushroom_block",
				"Properties": {
					"down": "false",
					"east": "true",
					"north": "true",
					"south": "true",
					"up": "true",
					"west": "true"
				}
			}
		},
		"trunk_placer": {
			"type": "minecraft:forking_trunk_placer",
			"base_height": 3,
			"height_rand_a": 2,
			"height_rand_b": 3
		},
		"foliage_placer": {
			"type": "minecraft:acacia_foliage_placer",
			"radius": {
				"type": "minecraft:biased_to_bottom",
				"value": {
					"min_inclusive": 1,
					"max_inclusive": 1
				}
			},
			"offset": {
				"type": "minecraft:biased_to_bottom",
				"value": {
					"min_inclusive": 0,
					"max_inclusive": 1
				}
			}
		},
		"decorators": [
			{
				"type": "minecraft:attached_to_leaves",
				"probability": 1,
				"exclusion_radius_xz": 0,
				"exclusion_radius_y": 0,
				"required_empty_blocks": 1,
				"block_provider": {
					"type": "minecraft:simple_state_provider",
					"state": {
						"Name": "minecraft:moss_carpet"
					}
				},
				"directions": [
					"up"
				]
			},
			{
				"type": "minecraft:attached_to_leaves",
				"probability": 1,
				"exclusion_radius_xz": 0,
				"exclusion_radius_y": 0,
				"required_empty_blocks": 1,
				"block_provider": {
					"type": "minecraft:simple_state_provider",
					"state": {
						"Name": "minecraft:oak_leaves",
						"Properties": {
							"distance": "7",
							"persistent": "true",
							"waterlogged": "false"
						}
					}
				},
				"directions": [
					"down"
				]
			},
			{
				"type": "minecraft:leave_vine",
				"probability": 0.3
			},
			{
				"type": "minecraft:trunk_vine"
			},
			{
				"type": "minecraft:beehive",
				"probability": 0.05
			}
		]
	}
}
