{
	"type": "minecraft:vegetation_patch",
	"config": {
		"surface": "floor",
		"depth": 1,
		"vertical_range": 5,
		"extra_bottom_block_chance": 0,
		"extra_edge_column_chance": 0.3,
		"vegetation_chance": 0.8,
		"xz_radius": {
			"type": "minecraft:uniform",
			"value": {
				"min_inclusive": 1,
				"max_inclusive": 1
			}
		},
		"replaceable": "#minecraft:moss_replacable",
		"ground_state": {
			"type": "minecraft:simple_state_provider",
			"state": {
				"Name": "minecraft:moss_block"
			}
		},
		"vegetation_feature": {
			"feature": "cavernous:lush/ancient/mushroom_small",
			"placement": []
		}
	}
}
