{
	"type": "minecraft:tree",
	"config": {
		"ignore_vines": true,
		"force_dirt": false,
		"minimum_size": {
			"type": "minecraft:two_layers_feature_size",
			"limit": 0,
			"lower_size": 0,
			"upper_size": 0
		},
		"dirt_provider": {
			"type": "minecraft:simple_state_provider",
			"state": {
				"Name": "minecraft:moss_block"
			}
		},
		"trunk_provider": {
			"type": "minecraft:simple_state_provider",
			"state": {
				"Name": "minecraft:mushroom_stem",
				"Properties": {
					"down": "true",
					"east": "true",
					"north": "true",
					"south": "true",
					"up": "true",
					"west": "true"
				}
			}
		},
		"foliage_provider": {
			"type": "minecraft:simple_state_provider",
			"state": {
				"Name": "minecraft:red_mushroom_block",
				"Properties": {
					"down": "true",
					"east": "true",
					"north": "true",
					"south": "true",
					"up": "true",
					"west": "true"
				}
			}
		},
		"trunk_placer": {
			"type": "minecraft:straight_trunk_placer",
			"base_height": 3,
			"height_rand_a": 2,
			"height_rand_b": 5
		},
		"foliage_placer": {
			"type": "minecraft:fancy_foliage_placer",
			"radius": 2,
			"offset": 0,
			"height": 2
		},
		"decorators": [
			{
				"type": "minecraft:beehive",
				"probability": 0.05
			},
			{
				"type": "minecraft:attached_to_leaves",
				"probability": 0.3,
				"exclusion_radius_xz": 0,
				"exclusion_radius_y": 0,
				"required_empty_blocks": 1,
				"block_provider": {
					"type": "minecraft:simple_state_provider",
					"state": {
						"Name": "minecraft:weeping_vines",
						"Properties": {
							"age": "1"
						}
					}
				},
				"directions": [
					"down"
				]
			}
		]
	}
}
