{
  "type": "minecraft:tree",
  "config": {
    "minimum_size": {
      "type": "minecraft:three_layers_feature_size"
    },
    "dirt_provider": {
      "type": "minecraft:simple_state_provider",
      "state": {
        "Name": "minecraft:warped_nylium"
      }
    },
    "trunk_provider": {
      "type": "minecraft:weighted_state_provider",
      "entries": [
        {
          "weight": 1,
          "data": {
            "Name": "minecraft:stripped_warped_stem",
            "Properties": {
              "axis": "y"
            }
          }
        },
        {
          "weight": 10,
          "data": {
            "Name": "minecraft:warped_stem",
            "Properties": {
              "axis": "y"
            }
          }
        }
      ]
    },
    "foliage_provider": {
      "type": "minecraft:weighted_state_provider",
      "entries": [
        {
          "weight": 40,
          "data": {
            "Name": "minecraft:oak_leaves",
            "Properties": {
              "distance": "1",
              "persistent": "true"
            }
          }
        },
        {
          "weight": 25,
          "data": {
            "Name": "minecraft:dark_oak_leaves",
            "Properties": {
              "distance": "1",
              "persistent": "true"
            }
          }
        },
        {
          "weight": 1,
          "data": {
            "Name": "minecraft:sea_lantern"
          }
        },
        {
          "weight": 35,
          "data": {
            "Name": "minecraft:warped_wart_block"
          }
        }
      ]
    },
    "trunk_placer": {
      "type": "minecraft:fancy_trunk_placer",
      "base_height": 8,
      "height_rand_a": 13,
      "height_rand_b": 9
    },
    "foliage_placer": {
      "type": "minecraft:dark_oak_foliage_placer",
      "radius": {
        "type": "minecraft:constant",
        "value": 2
      },
      "offset": {
        "type": "minecraft:uniform",
        "value": {
          "min_inclusive": 0,
          "max_inclusive": 1
        }
      }
    },
    "decorators": [
      {
        "type": "minecraft:alter_ground",
        "provider": {
          "type": "minecraft:weighted_state_provider",
          "entries": [
            {
              "weight": 1,
              "data": {
                "Name": "minecraft:blue_ice"
              }
            },
            {
              "weight": 15,
              "data": {
                "Name": "minecraft:packed_ice"
              }
            }
          ]
        }
      }
    ]
  }
}
