{
  "type": "minecraft:disk",
  "config": {
    "state_provider": {
      "fallback": {
        "type": "minecraft:simple_state_provider",
        "state": {
          "Name": "minecraft:moss_block"
        }
      },
      "rules": [
        {
          "if_true": {
            "type": "minecraft:matching_blocks",
            "offset": [
              0,
              -1,
              0
            ],
            "blocks": "minecraft:air"
          },
          "then": {
            "type": "minecraft:simple_state_provider",
            "state": {
              "Name": "minecraft:moss_block"
            }
          }
        }
      ]
    },
    "target": {
      "type": "minecraft:matching_blocks",
      "blocks": [
        "minecraft:dirt",
        "minecraft:grass_block",
        "minecraft:tuff"
      ]
    },
    "radius": {
      "type": "minecraft:uniform",
      "value": {
        "min_inclusive": 1,
        "max_inclusive": 3
      }
    },
    "half_height": 2
  }
}