{
	"processors": [
		{
			"processor_type": "minecraft:rule",
			"rules": [
				{
					"location_predicate": {
						"predicate_type": "minecraft:block_match",
						"block": "minecraft:air"
					},
					"input_predicate": {
						"predicate_type": "minecraft:block_match",
						"block": "minecraft:cobblestone"
					},
					"output_state": {
						"Name": "minecraft:spruce_planks"
					}
				},
				{
					"location_predicate": {
						"predicate_type": "minecraft:block_match",
						"block": "minecraft:lava"
					},
					"input_predicate": {
						"predicate_type": "minecraft:block_match",
						"block": "minecraft:cobblestone"
					},
					"output_state": {
						"Name": "minecraft:stone_bricks"
					}
				},
				{
					"location_predicate": {
						"predicate_type": "minecraft:block_match",
						"block": "minecraft:water"
					},
					"input_predicate": {
						"predicate_type": "minecraft:block_match",
						"block": "minecraft:cobblestone"
					},
					"output_state": {
						"Name": "minecraft:spruce_planks"
					}
				},
				{
					"location_predicate": {
						"predicate_type": "minecraft:always_true"
					},
					"input_predicate": {
						"predicate_type": "minecraft:random_block_match",
						"block": "minecraft:cobblestone",
						"probability": 0.3
					},
					"output_state": {
						"Name": "minecraft:gravel"
					}
				},
				{
					"location_predicate": {
						"predicate_type": "minecraft:always_true"
					},
					"input_predicate": {
						"predicate_type": "minecraft:random_block_match",
						"block": "minecraft:cobblestone",
						"probability": 0.3
					},
					"output_state": {
						"Name": "minecraft:mossy_cobblestone"
					}
				},
				{
					"location_predicate": {
						"predicate_type": "minecraft:always_true"
					},
					"input_predicate": {
						"predicate_type": "minecraft:random_block_match",
						"block": "minecraft:stone_bricks",
						"probability": 0.2
					},
					"output_state": {
						"Name": "minecraft:mossy_stone_bricks"
					}
				},
				{
					"location_predicate": {
						"predicate_type": "minecraft:always_true"
					},
					"input_predicate": {
						"predicate_type": "minecraft:random_block_match",
						"block": "minecraft:stone_bricks",
						"probability": 0.2
					},
					"output_state": {
						"Name": "minecraft:cracked_stone_bricks"
					}
				}
			]
		},
		{
			"processor_type": "minecraft:rule",
			"rules": [
				{
					"location_predicate": {
						"predicate_type": "minecraft:block_match",
						"block": "minecraft:water"
					},
					"input_predicate": {
						"predicate_type": "minecraft:always_true"
					},
					"output_state": {
						"Name": "minecraft:water",
						"Properties": {
							"level": "15"
						}
					}
				}
			]
		}
	]
}
