{
  "type": "minecraft:tree",
  "config": {
    "minimum_size": {
      "type": "minecraft:two_layers_feature_size"
    },
    "dirt_provider": {
      "type": "minecraft:simple_state_provider",
      "state": {
        "Name": "minecraft:crimson_nylium"
      }
    },
    "trunk_provider": {
      "type": "minecraft:weighted_state_provider",
      "entries": [
        {
          "weight": 1,
          "data": {
            "Name": "minecraft:stripped_crimson_stem",
            "Properties": {
              "axis": "y"
            }
          }
        },
        {
          "weight": 15,
          "data": {
            "Name": "minecraft:crimson_stem",
            "Properties": {
              "axis": "y"
            }
          }
        }
      ]
    },
    "foliage_provider": {
      "type": "minecraft:weighted_state_provider",
      "entries": [
        {
          "weight": 4,
          "data": {
            "Name": "minecraft:jungle_leaves",
            "Properties": {
              "distance": "1",
              "persistent": "true"
            }
          }
        },
        {
          "weight": 30,
          "data": {
            "Name": "minecraft:oak_leaves",
            "Properties": {
              "distance": "1",
              "persistent": "true"
            }
          }
        },
        {
          "weight": 15,
          "data": {
            "Name": "minecraft:dark_oak_leaves",
            "Properties": {
              "distance": "1",
              "persistent": "true"
            }
          }
        },
        {
          "weight": 1,
          "data": {
            "Name": "minecraft:shroomlight"
          }
        }
      ]
    },
    "trunk_placer": {
      "type": "minecraft:fancy_trunk_placer",
      "base_height": 15,
      "height_rand_a": 8,
      "height_rand_b": 10
    },
    "foliage_placer": {
      "type": "minecraft:jungle_foliage_placer",
      "radius": 3,
      "offset": {
        "type": "minecraft:constant",
        "value": 1
      },
      "height": 3
    },
    "decorators": [
      {
        "type": "minecraft:leave_vine",
        "probability": 0.25
      },
      {
        "type": "minecraft:trunk_vine"
      },
      {
        "type": "minecraft:alter_ground",
        "provider": {
          "type": "minecraft:weighted_state_provider",
          "entries": [
            {
              "weight": 4,
              "data": {
                "Name": "minecraft:dirt"
              }
            },
            {
              "weight": 6,
              "data": {
                "Name": "minecraft:magma_block"
              }
            },
            {
              "weight": 16,
              "data": {
                "Name": "minecraft:netherrack"
              }
            },
            {
              "weight": 8,
              "data": {
                "Name": "minecraft:coarse_dirt"
              }
            }
          ]
        }
      }
    ]
  }
}
