{
	"argument": {
		"argument": {
			"argument1": 10,
			"argument2": {
				"argument1": {
					"type": "minecraft:blend_alpha"
				},
				"argument2": {
					"argument1": -10,
					"argument2": {
						"spline": {
							"coordinate": "minecraft:overworld/continents",
							"points": [
								{
									"location": -0.19,
									"derivative": 0,
									"value": {
										"coordinate": "minecraft:overworld/erosion",
										"points": [
											{
												"location": -0.6,
												"derivative": 0,
												"value": {
													"coordinate": "minecraft:overworld/ridges",
													"points": [
														{
															"location": 0,
															"value": 3.95,
															"derivative": 0
														}
													]
												}
											}
										]
									}
								},
								{
									"location": -0.15,
									"derivative": 0,
									"value": {
										"coordinate": "minecraft:overworld/erosion",
										"points": [
											{
												"location": -0.6,
												"derivative": 0,
												"value": {
													"coordinate": "minecraft:overworld/ridges",
													"points": [
														{
															"location": -0.2,
															"value": 6.3,
															"derivative": 0
														},
														{
															"location": 0.2,
															"value": 6.25,
															"derivative": 0
														}
													]
												}
											},
											{
												"location": -0.5,
												"derivative": 0,
												"value": {
													"coordinate": "minecraft:overworld/ridges",
													"points": [
														{
															"location": -0.05,
															"value": 6.3,
															"derivative": 0
														},
														{
															"location": 0.05,
															"value": 2.67,
															"derivative": 0
														}
													]
												}
											},
											{
												"location": -0.35,
												"derivative": 0,
												"value": {
													"coordinate": "minecraft:overworld/ridges",
													"points": [
														{
															"location": -0.2,
															"value": 6.3,
															"derivative": 0
														},
														{
															"location": 0.2,
															"value": 6.25,
															"derivative": 0
														}
													]
												}
											},
											{
												"location": -0.25,
												"derivative": 0,
												"value": {
													"coordinate": "minecraft:overworld/ridges",
													"points": [
														{
															"location": -0.2,
															"value": 6.3,
															"derivative": 0
														},
														{
															"location": 0.2,
															"value": 6.25,
															"derivative": 0
														}
													]
												}
											},
											{
												"location": -0.1,
												"derivative": 0,
												"value": {
													"coordinate": "minecraft:overworld/ridges",
													"points": [
														{
															"location": -0.05,
															"value": 2.67,
															"derivative": 0
														},
														{
															"location": 0.05,
															"value": 6.3,
															"derivative": 0
														}
													]
												}
											},
											{
												"location": 0.03,
												"derivative": 0,
												"value": {
													"coordinate": "minecraft:overworld/ridges",
													"points": [
														{
															"location": -0.2,
															"value": 6.3,
															"derivative": 0
														},
														{
															"location": 0.2,
															"value": 6.25,
															"derivative": 0
														}
													]
												}
											},
											{
												"location": 0.35,
												"derivative": 0,
												"value": {
													"coordinate": "minecraft:overworld/ridges",
													"points": [
														{
															"location": 0,
															"value": 6.25,
															"derivative": 0
														}
													]
												}
											},
											{
												"location": 0.45,
												"derivative": 0,
												"value": {
													"coordinate": "minecraft:overworld/ridges",
													"points": [
														{
															"location": -1.30000004,
															"value": 6.25,
															"derivative": 0
														},
														{
															"location": -1.23000004,
															"value": 6.25,
															"derivative": 0
														},
														{
															"location": -0.10333335999999993,
															"value": 6.25,
															"derivative": 0
														},
														{
															"location": -0.03333335999999998,
															"value": 6.25,
															"derivative": 0
														},
														{
															"location": 0.03333335999999998,
															"value": 6.25,
															"derivative": 0
														},
														{
															"location": 0.10333335999999993,
															"value": 0.625,
															"derivative": 0
														},
														{
															"location": 1.23000004,
															"value": 0.625,
															"derivative": 0
														},
														{
															"location": 1.30000004,
															"value": 6.25,
															"derivative": 0
														}
													]
												}
											},
											{
												"location": 0.55,
												"derivative": 0,
												"value": {
													"coordinate": "minecraft:overworld/ridges",
													"points": [
														{
															"location": -1.30000004,
															"value": 6.25,
															"derivative": 0
														},
														{
															"location": -1.23000004,
															"value": 6.25,
															"derivative": 0
														},
														{
															"location": -0.10333335999999993,
															"value": 6.25,
															"derivative": 0
														},
														{
															"location": -0.03333335999999998,
															"value": 6.25,
															"derivative": 0
														},
														{
															"location": 0.03333335999999998,
															"value": 6.25,
															"derivative": 0
														},
														{
															"location": 0.10333335999999993,
															"value": 0.625,
															"derivative": 0
														},
														{
															"location": 1.23000004,
															"value": 0.625,
															"derivative": 0
														},
														{
															"location": 1.30000004,
															"value": 6.25,
															"derivative": 0
														}
													]
												}
											},
											{
												"location": 0.62,
												"derivative": 0,
												"value": {
													"coordinate": "minecraft:overworld/ridges",
													"points": [
														{
															"location": 0,
															"value": 6.25,
															"derivative": 0
														}
													]
												}
											}
										]
									}
								},
								{
									"location": -0.1,
									"derivative": 0,
									"value": {
										"coordinate": "minecraft:overworld/erosion",
										"points": [
											{
												"location": -0.6,
												"derivative": 0,
												"value": {
													"coordinate": "minecraft:overworld/ridges",
													"points": [
														{
															"location": -0.2,
															"value": 6.3,
															"derivative": 0
														},
														{
															"location": 0.2,
															"value": 5.47,
															"derivative": 0
														}
													]
												}
											},
											{
												"location": -0.5,
												"derivative": 0,
												"value": {
													"coordinate": "minecraft:overworld/ridges",
													"points": [
														{
															"location": -0.05,
															"value": 6.3,
															"derivative": 0
														},
														{
															"location": 0.05,
															"value": 2.67,
															"derivative": 0
														}
													]
												}
											},
											{
												"location": -0.35,
												"derivative": 0,
												"value": {
													"coordinate": "minecraft:overworld/ridges",
													"points": [
														{
															"location": -0.2,
															"value": 6.3,
															"derivative": 0
														},
														{
															"location": 0.2,
															"value": 5.47,
															"derivative": 0
														}
													]
												}
											},
											{
												"location": -0.25,
												"derivative": 0,
												"value": {
													"coordinate": "minecraft:overworld/ridges",
													"points": [
														{
															"location": -0.2,
															"value": 6.3,
															"derivative": 0
														},
														{
															"location": 0.2,
															"value": 5.47,
															"derivative": 0
														}
													]
												}
											},
											{
												"location": -0.1,
												"derivative": 0,
												"value": {
													"coordinate": "minecraft:overworld/ridges",
													"points": [
														{
															"location": -0.05,
															"value": 2.67,
															"derivative": 0
														},
														{
															"location": 0.05,
															"value": 6.3,
															"derivative": 0
														}
													]
												}
											},
											{
												"location": 0.03,
												"derivative": 0,
												"value": {
													"coordinate": "minecraft:overworld/ridges",
													"points": [
														{
															"location": -0.2,
															"value": 6.3,
															"derivative": 0
														},
														{
															"location": 0.2,
															"value": 5.47,
															"derivative": 0
														}
													]
												}
											},
											{
												"location": 0.35,
												"derivative": 0,
												"value": {
													"coordinate": "minecraft:overworld/ridges",
													"points": [
														{
															"location": 0,
															"value": 5.47,
															"derivative": 0
														}
													]
												}
											},
											{
												"location": 0.45,
												"derivative": 0,
												"value": {
													"coordinate": "minecraft:overworld/ridges",
													"points": [
														{
															"location": -1.30000004,
															"value": 5.47,
															"derivative": 0
														},
														{
															"location": -1.23000004,
															"value": 5.47,
															"derivative": 0
														},
														{
															"location": -0.10333335999999993,
															"value": 5.47,
															"derivative": 0
														},
														{
															"location": -0.03333335999999998,
															"value": 5.47,
															"derivative": 0
														},
														{
															"location": 0.03333335999999998,
															"value": 5.47,
															"derivative": 0
														},
														{
															"location": 0.10333335999999993,
															"value": 0.625,
															"derivative": 0
														},
														{
															"location": 1.23000004,
															"value": 0.625,
															"derivative": 0
														},
														{
															"location": 1.30000004,
															"value": 5.47,
															"derivative": 0
														}
													]
												}
											},
											{
												"location": 0.55,
												"derivative": 0,
												"value": {
													"coordinate": "minecraft:overworld/ridges",
													"points": [
														{
															"location": -1.30000004,
															"value": 5.47,
															"derivative": 0
														},
														{
															"location": -1.23000004,
															"value": 5.47,
															"derivative": 0
														},
														{
															"location": -0.10333335999999993,
															"value": 5.47,
															"derivative": 0
														},
														{
															"location": -0.03333335999999998,
															"value": 5.47,
															"derivative": 0
														},
														{
															"location": 0.03333335999999998,
															"value": 5.47,
															"derivative": 0
														},
														{
															"location": 0.10333335999999993,
															"value": 0.625,
															"derivative": 0
														},
														{
															"location": 1.23000004,
															"value": 0.625,
															"derivative": 0
														},
														{
															"location": 1.30000004,
															"value": 5.47,
															"derivative": 0
														}
													]
												}
											},
											{
												"location": 0.62,
												"derivative": 0,
												"value": {
													"coordinate": "minecraft:overworld/ridges",
													"points": [
														{
															"location": 0,
															"value": 5.47,
															"derivative": 0
														}
													]
												}
											}
										]
									}
								},
								{
									"location": 0.03,
									"derivative": 0,
									"value": {
										"coordinate": "minecraft:overworld/erosion",
										"points": [
											{
												"location": -0.6,
												"derivative": 0,
												"value": {
													"coordinate": "minecraft:overworld/ridges",
													"points": [
														{
															"location": -0.2,
															"value": 6.3,
															"derivative": 0
														},
														{
															"location": 0.2,
															"value": 5.08,
															"derivative": 0
														}
													]
												}
											},
											{
												"location": -0.5,
												"derivative": 0,
												"value": {
													"coordinate": "minecraft:overworld/ridges",
													"points": [
														{
															"location": -0.05,
															"value": 6.3,
															"derivative": 0
														},
														{
															"location": 0.05,
															"value": 2.67,
															"derivative": 0
														}
													]
												}
											},
											{
												"location": -0.35,
												"derivative": 0,
												"value": {
													"coordinate": "minecraft:overworld/ridges",
													"points": [
														{
															"location": -0.2,
															"value": 6.3,
															"derivative": 0
														},
														{
															"location": 0.2,
															"value": 5.08,
															"derivative": 0
														}
													]
												}
											},
											{
												"location": -0.25,
												"derivative": 0,
												"value": {
													"coordinate": "minecraft:overworld/ridges",
													"points": [
														{
															"location": -0.2,
															"value": 6.3,
															"derivative": 0
														},
														{
															"location": 0.2,
															"value": 5.08,
															"derivative": 0
														}
													]
												}
											},
											{
												"location": -0.1,
												"derivative": 0,
												"value": {
													"coordinate": "minecraft:overworld/ridges",
													"points": [
														{
															"location": -0.05,
															"value": 2.67,
															"derivative": 0
														},
														{
															"location": 0.05,
															"value": 6.3,
															"derivative": 0
														}
													]
												}
											},
											{
												"location": 0.03,
												"derivative": 0,
												"value": {
													"coordinate": "minecraft:overworld/ridges",
													"points": [
														{
															"location": -0.2,
															"value": 6.3,
															"derivative": 0
														},
														{
															"location": 0.2,
															"value": 5.08,
															"derivative": 0
														}
													]
												}
											},
											{
												"location": 0.35,
												"derivative": 0,
												"value": {
													"coordinate": "minecraft:overworld/ridges",
													"points": [
														{
															"location": 0,
															"value": 5.08,
															"derivative": 0
														}
													]
												}
											},
											{
												"location": 0.45,
												"derivative": 0,
												"value": {
													"coordinate": "minecraft:overworld/ridges",
													"points": [
														{
															"location": -1.30000004,
															"value": 5.08,
															"derivative": 0
														},
														{
															"location": -1.23000004,
															"value": 5.08,
															"derivative": 0
														},
														{
															"location": -0.10333335999999993,
															"value": 5.08,
															"derivative": 0
														},
														{
															"location": -0.03333335999999998,
															"value": 5.08,
															"derivative": 0
														},
														{
															"location": 0.03333335999999998,
															"value": 5.08,
															"derivative": 0
														},
														{
															"location": 0.10333335999999993,
															"value": 0.625,
															"derivative": 0
														},
														{
															"location": 1.23000004,
															"value": 0.625,
															"derivative": 0
														},
														{
															"location": 1.30000004,
															"value": 5.08,
															"derivative": 0
														}
													]
												}
											},
											{
												"location": 0.55,
												"derivative": 0,
												"value": {
													"coordinate": "minecraft:overworld/ridges",
													"points": [
														{
															"location": -1.30000004,
															"value": 5.08,
															"derivative": 0
														},
														{
															"location": -1.23000004,
															"value": 5.08,
															"derivative": 0
														},
														{
															"location": -0.10333335999999993,
															"value": 5.08,
															"derivative": 0
														},
														{
															"location": -0.03333335999999998,
															"value": 5.08,
															"derivative": 0
														},
														{
															"location": 0.03333335999999998,
															"value": 5.08,
															"derivative": 0
														},
														{
															"location": 0.10333335999999993,
															"value": 0.625,
															"derivative": 0
														},
														{
															"location": 1.23000004,
															"value": 0.625,
															"derivative": 0
														},
														{
															"location": 1.30000004,
															"value": 5.08,
															"derivative": 0
														}
													]
												}
											},
											{
												"location": 0.62,
												"derivative": 0,
												"value": {
													"coordinate": "minecraft:overworld/ridges",
													"points": [
														{
															"location": 0,
															"value": 5.08,
															"derivative": 0
														}
													]
												}
											}
										]
									}
								},
								{
									"location": 0.06,
									"derivative": 0,
									"value": {
										"coordinate": "minecraft:overworld/erosion",
										"points": [
											{
												"location": -0.6,
												"derivative": 0,
												"value": {
													"coordinate": "minecraft:overworld/ridges",
													"points": [
														{
															"location": -0.2,
															"value": 6.3,
															"derivative": 0
														},
														{
															"location": 0.2,
															"value": 4.69,
															"derivative": 0
														}
													]
												}
											},
											{
												"location": -0.5,
												"derivative": 0,
												"value": {
													"coordinate": "minecraft:overworld/ridges",
													"points": [
														{
															"location": -0.05,
															"value": 6.3,
															"derivative": 0
														},
														{
															"location": 0.05,
															"value": 2.67,
															"derivative": 0
														}
													]
												}
											},
											{
												"location": -0.35,
												"derivative": 0,
												"value": {
													"coordinate": "minecraft:overworld/ridges",
													"points": [
														{
															"location": -0.2,
															"value": 6.3,
															"derivative": 0
														},
														{
															"location": 0.2,
															"value": 4.69,
															"derivative": 0
														}
													]
												}
											},
											{
												"location": -0.25,
												"derivative": 0,
												"value": {
													"coordinate": "minecraft:overworld/ridges",
													"points": [
														{
															"location": -0.2,
															"value": 6.3,
															"derivative": 0
														},
														{
															"location": 0.2,
															"value": 4.69,
															"derivative": 0
														}
													]
												}
											},
											{
												"location": -0.1,
												"derivative": 0,
												"value": {
													"coordinate": "minecraft:overworld/ridges",
													"points": [
														{
															"location": -0.05,
															"value": 2.67,
															"derivative": 0
														},
														{
															"location": 0.05,
															"value": 6.3,
															"derivative": 0
														}
													]
												}
											},
											{
												"location": 0.03,
												"derivative": 0,
												"value": {
													"coordinate": "minecraft:overworld/ridges",
													"points": [
														{
															"location": -0.2,
															"value": 6.3,
															"derivative": 0
														},
														{
															"location": 0.2,
															"value": 4.69,
															"derivative": 0
														}
													]
												}
											},
											{
												"location": 0.05,
												"derivative": 0,
												"value": {
													"coordinate": "minecraft:overworld/ridges",
													"points": [
														{
															"location": -0.85000004,
															"value": 6.3,
															"derivative": 0
														},
														{
															"location": -0.7666667066666666,
															"value": 1.56,
															"derivative": 0
														},
														{
															"location": -0.5666666933333333,
															"value": 1.56,
															"derivative": 0
														},
														{
															"location": -0.48333335999999993,
															"value": 6.3,
															"derivative": 0
														},
														{
															"location": 0.48333335999999993,
															"value": 4.69,
															"derivative": 0
														},
														{
															"location": 0.5666666933333333,
															"value": 1.56,
															"derivative": 0
														},
														{
															"location": 0.7666667066666666,
															"value": 1.56,
															"derivative": 0
														},
														{
															"location": 0.85000004,
															"value": 4.69,
															"derivative": 0
														}
													]
												}
											},
											{
												"location": 0.4,
												"derivative": 0,
												"value": {
													"coordinate": "minecraft:overworld/ridges",
													"points": [
														{
															"location": -0.85000004,
															"value": 6.3,
															"derivative": 0
														},
														{
															"location": -0.7666667066666666,
															"value": 1.56,
															"derivative": 0
														},
														{
															"location": -0.5666666933333333,
															"value": 1.56,
															"derivative": 0
														},
														{
															"location": -0.48333335999999993,
															"value": 6.3,
															"derivative": 0
														},
														{
															"location": 0.48333335999999993,
															"value": 4.69,
															"derivative": 0
														},
														{
															"location": 0.5666666933333333,
															"value": 1.56,
															"derivative": 0
														},
														{
															"location": 0.7666667066666666,
															"value": 1.56,
															"derivative": 0
														},
														{
															"location": 0.85000004,
															"value": 4.69,
															"derivative": 0
														}
													]
												}
											},
											{
												"location": 0.45,
												"derivative": 0,
												"value": {
													"coordinate": "minecraft:overworld/ridges",
													"points": [
														{
															"location": -1.2333333733333331,
															"value": 6.3,
															"derivative": 0
														},
														{
															"location": -1.05000004,
															"value": 1.37,
															"derivative": 0
														},
														{
															"location": -0.28333336,
															"value": 1.37,
															"derivative": 0
														},
														{
															"location": -0.10000002666666663,
															"value": 6.048437620749989,
															"derivative": 0
														},
														{
															"location": 0.10000002666666663,
															"value": 4.941562379250011,
															"derivative": 0
														},
														{
															"location": 0.28333336,
															"value": 1.37,
															"derivative": 0
														},
														{
															"location": 1.05000004,
															"value": 1.37,
															"derivative": 0
														},
														{
															"location": 1.2333333733333331,
															"value": 4.69,
															"derivative": 0
														}
													]
												}
											},
											{
												"location": 0.55,
												"derivative": 0,
												"value": {
													"coordinate": "minecraft:overworld/ridges",
													"points": [
														{
															"location": -1.2333333733333331,
															"value": 6.3,
															"derivative": 0
														},
														{
															"location": -1.05000004,
															"value": 1.37,
															"derivative": 0
														},
														{
															"location": -0.28333336,
															"value": 1.37,
															"derivative": 0
														},
														{
															"location": -0.10000002666666663,
															"value": 6.048437620749989,
															"derivative": 0
														},
														{
															"location": 0.10000002666666663,
															"value": 4.941562379250011,
															"derivative": 0
														},
														{
															"location": 0.28333336,
															"value": 1.37,
															"derivative": 0
														},
														{
															"location": 1.05000004,
															"value": 1.37,
															"derivative": 0
														},
														{
															"location": 1.2333333733333331,
															"value": 4.69,
															"derivative": 0
														}
													]
												}
											},
											{
												"location": 0.58,
												"derivative": 0,
												"value": {
													"coordinate": "minecraft:overworld/ridges",
													"points": [
														{
															"location": 0,
															"value": 4.69,
															"derivative": 0
														}
													]
												}
											}
										]
									}
								}
							]
						},
						"type": "minecraft:spline"
					},
					"type": "minecraft:add"
				},
				"type": "minecraft:mul"
			},
			"type": "minecraft:add"
		},
		"type": "minecraft:cache_2d"
	},
	"type": "minecraft:flat_cache"
}
