{
	"argument": {
		"argument": {
			"argument1": 0,
			"argument2": {
				"argument1": {
					"type": "minecraft:blend_alpha"
				},
				"argument2": {
					"argument1": 0,
					"argument2": {
						"spline": {
							"coordinate": "minecraft:overworld/continents",
							"points": [
								{
									"location": -0.11,
									"derivative": 0,
									"value": {
										"coordinate": "minecraft:overworld/erosion",
										"points": [
											{
												"location": -1,
												"derivative": 0,
												"value": {
													"coordinate": "minecraft:overworld/ridges",
													"points": [
														{
															"location": 0,
															"value": 0,
															"derivative": 0
														}
													]
												}
											}
										]
									}
								},
								{
									"location": 0.03,
									"derivative": 0,
									"value": {
										"coordinate": "minecraft:overworld/erosion",
										"points": [
											{
												"location": -1,
												"derivative": 0,
												"value": {
													"coordinate": "minecraft:overworld/ridges",
													"points": [
														{
															"location": -0.9333333766666666,
															"value": 0,
															"derivative": 0
														},
														{
															"location": -0.8500000533333333,
															"value": 0,
															"derivative": 0
														},
														{
															"location": -0.6666667,
															"value": 0.63,
															"derivative": 0
														},
														{
															"location": -0.4833333466666666,
															"value": 0,
															"derivative": 0
														},
														{
															"location": -0.4000000233333333,
															"value": 0,
															"derivative": 0
														},
														{
															"location": 0.4000000233333333,
															"value": 0,
															"derivative": 0
														},
														{
															"location": 0.4833333466666666,
															"value": 0,
															"derivative": 0
														},
														{
															"location": 0.6666667,
															"value": 0.3,
															"derivative": 0
														},
														{
															"location": 0.8500000533333333,
															"value": 0,
															"derivative": 0
														},
														{
															"location": 0.9333333766666666,
															"value": 0,
															"derivative": 0
														}
													]
												}
											},
											{
												"location": -0.78,
												"derivative": 0,
												"value": {
													"coordinate": "minecraft:overworld/ridges",
													"points": [
														{
															"location": -0.9333333766666666,
															"value": 0,
															"derivative": 0
														},
														{
															"location": -0.8500000533333333,
															"value": 0,
															"derivative": 0
														},
														{
															"location": -0.6666667,
															"value": 0.315,
															"derivative": 0
														},
														{
															"location": -0.4833333466666666,
															"value": 0,
															"derivative": 0
														},
														{
															"location": -0.4000000233333333,
															"value": 0,
															"derivative": 0
														},
														{
															"location": 0.4000000233333333,
															"value": 0,
															"derivative": 0
														},
														{
															"location": 0.4833333466666666,
															"value": 0,
															"derivative": 0
														},
														{
															"location": 0.6666667,
															"value": 0.15,
															"derivative": 0
														},
														{
															"location": 0.8500000533333333,
															"value": 0,
															"derivative": 0
														},
														{
															"location": 0.9333333766666666,
															"value": 0,
															"derivative": 0
														}
													]
												}
											},
											{
												"location": -0.5775,
												"derivative": 0,
												"value": {
													"coordinate": "minecraft:overworld/ridges",
													"points": [
														{
															"location": -0.9333333766666666,
															"value": 0,
															"derivative": 0
														},
														{
															"location": -0.8500000533333333,
															"value": 0,
															"derivative": 0
														},
														{
															"location": -0.6666667,
															"value": 0.315,
															"derivative": 0
														},
														{
															"location": -0.4833333466666666,
															"value": 0,
															"derivative": 0
														},
														{
															"location": -0.4000000233333333,
															"value": 0,
															"derivative": 0
														},
														{
															"location": 0.4000000233333333,
															"value": 0,
															"derivative": 0
														},
														{
															"location": 0.4833333466666666,
															"value": 0,
															"derivative": 0
														},
														{
															"location": 0.6666667,
															"value": 0.15,
															"derivative": 0
														},
														{
															"location": 0.8500000533333333,
															"value": 0,
															"derivative": 0
														},
														{
															"location": 0.9333333766666666,
															"value": 0,
															"derivative": 0
														}
													]
												}
											},
											{
												"location": -0.375,
												"derivative": 0,
												"value": {
													"coordinate": "minecraft:overworld/ridges",
													"points": [
														{
															"location": 0,
															"value": 0,
															"derivative": 0
														}
													]
												}
											}
										]
									}
								},
								{
									"location": 0.65,
									"derivative": 0,
									"value": {
										"coordinate": "minecraft:overworld/erosion",
										"points": [
											{
												"location": -1,
												"derivative": 0,
												"value": {
													"coordinate": "minecraft:overworld/ridges",
													"points": [
														{
															"location": -0.9333333766666666,
															"value": 0,
															"derivative": 0
														},
														{
															"location": -0.8500000533333333,
															"value": 0.63,
															"derivative": 0
														},
														{
															"location": -0.6666667,
															"value": 0.63,
															"derivative": 0
														},
														{
															"location": -0.4833333466666666,
															"value": 0.63,
															"derivative": 0
														},
														{
															"location": -0.4000000233333333,
															"value": 0,
															"derivative": 0
														},
														{
															"location": 0.4000000233333333,
															"value": 0,
															"derivative": 0
														},
														{
															"location": 0.4833333466666666,
															"value": 0.3,
															"derivative": 0
														},
														{
															"location": 0.6666667,
															"value": 0.3,
															"derivative": 0
														},
														{
															"location": 0.8500000533333333,
															"value": 0.3,
															"derivative": 0
														},
														{
															"location": 0.9333333766666666,
															"value": 0,
															"derivative": 0
														}
													]
												}
											},
											{
												"location": -0.78,
												"derivative": 0,
												"value": {
													"coordinate": "minecraft:overworld/ridges",
													"points": [
														{
															"location": -0.9333333766666666,
															"value": 0,
															"derivative": 0
														},
														{
															"location": -0.8500000533333333,
															"value": 0,
															"derivative": 0
														},
														{
															"location": -0.6666667,
															"value": 0.63,
															"derivative": 0
														},
														{
															"location": -0.4833333466666666,
															"value": 0,
															"derivative": 0
														},
														{
															"location": -0.4000000233333333,
															"value": 0,
															"derivative": 0
														},
														{
															"location": 0.4000000233333333,
															"value": 0,
															"derivative": 0
														},
														{
															"location": 0.4833333466666666,
															"value": 0,
															"derivative": 0
														},
														{
															"location": 0.6666667,
															"value": 0.3,
															"derivative": 0
														},
														{
															"location": 0.8500000533333333,
															"value": 0,
															"derivative": 0
														},
														{
															"location": 0.9333333766666666,
															"value": 0,
															"derivative": 0
														}
													]
												}
											},
											{
												"location": -0.5775,
												"derivative": 0,
												"value": {
													"coordinate": "minecraft:overworld/ridges",
													"points": [
														{
															"location": -0.9333333766666666,
															"value": 0,
															"derivative": 0
														},
														{
															"location": -0.8500000533333333,
															"value": 0,
															"derivative": 0
														},
														{
															"location": -0.6666667,
															"value": 0.63,
															"derivative": 0
														},
														{
															"location": -0.4833333466666666,
															"value": 0,
															"derivative": 0
														},
														{
															"location": -0.4000000233333333,
															"value": 0,
															"derivative": 0
														},
														{
															"location": 0.4000000233333333,
															"value": 0,
															"derivative": 0
														},
														{
															"location": 0.4833333466666666,
															"value": 0,
															"derivative": 0
														},
														{
															"location": 0.6666667,
															"value": 0.3,
															"derivative": 0
														},
														{
															"location": 0.8500000533333333,
															"value": 0,
															"derivative": 0
														},
														{
															"location": 0.9333333766666666,
															"value": 0,
															"derivative": 0
														}
													]
												}
											},
											{
												"location": -0.375,
												"derivative": 0,
												"value": {
													"coordinate": "minecraft:overworld/ridges",
													"points": [
														{
															"location": 0,
															"value": 0,
															"derivative": 0
														}
													]
												}
											}
										]
									}
								}
							]
						},
						"type": "minecraft:spline"
					},
					"type": "minecraft:add"
				},
				"type": "minecraft:mul"
			},
			"type": "minecraft:add"
		},
		"type": "minecraft:cache_2d"
	},
	"type": "minecraft:flat_cache"
}
