{
	"type": "minecraft:simple_block",
	"config": {
		"to_place": {
			"type": "minecraft:weighted_state_provider",
			"entries": [
				{
					"weight": 3,
					"data": {
						"Name": "minecraft:dead_bush"
					}
				},
				{
					"weight": 10,
					"data": {
						"Name": "minecraft:grass"
					}
				},
				{
					"weight": 10,
					"data": {
						"Name": "minecraft:fern"
					}
				},
				{
					"weight": 3,
					"data": {
						"Name": "minecraft:large_fern",
						"Properties": {
							"half": "lower"
						}
					}
				},
				{
					"weight": 1,
					"data": {
						"Name": "minecraft:tall_grass",
						"Properties": {
							"half": "lower"
						}
					}
				},
				{
					"weight": 2,
					"data": {
						"Name": "minecraft:lily_of_the_valley"
					}
				},
				{
					"weight": 3,
					"data": {
						"Name": "minecraft:blue_orchid"
					}
				},
				{
					"weight": 2,
					"data": {
						"Name": "minecraft:azure_bluet"
					}
				}
			]
		}
	}
}
