{
	"name": "cavernous:village_caves",
	"fallback": "minecraft:empty",
	"elements": [
		{
			"weight": 1,
			"element": {
				"element_type": "minecraft:single_pool_element",
				"location": "cavernous:village/caves/town_centers/caves_meeting_point_1",
				"projection": "rigid",
				"processors": "minecraft:empty"
			}
		},
		{
			"weight": 1,
			"element": {
				"element_type": "minecraft:single_pool_element",
				"location": "cavernous:village/caves/town_centers/caves_meeting_point_2",
				"projection": "rigid",
				"processors": "minecraft:empty"
			}
		}
	]
}
