{
	"temperature": 0.8,
	"downfall": 0.9,
	"has_precipitation": true,
	"effects": {
		"sky_color": 7907327,
		"fog_color": 12638463,
		"water_color": 3832426,
		"water_fog_color": 5077600,
		"foliage_color": 9285927,
		"grass_color_modifier": "swamp",
		"mood_sound": {
			"sound": "minecraft:ambient.cave",
			"tick_delay": 6000,
			"block_search_extent": 8,
			"offset": 2
		},
		"music": {
			"sound": "minecraft:music.overworld.swamp",
			"min_delay": 12000,
			"max_delay": 24000,
			"replace_current_music": false
		}
	},
	"spawners": {
		"ambient": [
			{
				"type": "minecraft:bat",
				"weight": 10,
				"minCount": 8,
				"maxCount": 8
			}
		],
		"axolotls": [],
		"creature": [
			{
				"type": "minecraft:frog",
				"weight": 10,
				"minCount": 2,
				"maxCount": 5
			}
		],
		"misc": [],
		"monster": [
			{
				"type": "minecraft:spider",
				"weight": 100,
				"minCount": 4,
				"maxCount": 4
			},
			{
				"type": "minecraft:zombie",
				"weight": 95,
				"minCount": 4,
				"maxCount": 4
			},
			{
				"type": "minecraft:zombie_villager",
				"weight": 5,
				"minCount": 1,
				"maxCount": 1
			},
			{
				"type": "minecraft:skeleton",
				"weight": 100,
				"minCount": 4,
				"maxCount": 4
			},
			{
				"type": "minecraft:creeper",
				"weight": 100,
				"minCount": 4,
				"maxCount": 4
			},
			{
				"type": "minecraft:slime",
				"weight": 100,
				"minCount": 4,
				"maxCount": 4
			},
			{
				"type": "minecraft:enderman",
				"weight": 10,
				"minCount": 1,
				"maxCount": 4
			},
			{
				"type": "minecraft:witch",
				"weight": 5,
				"minCount": 1,
				"maxCount": 1
			},
			{
				"type": "minecraft:slime",
				"weight": 1,
				"minCount": 1,
				"maxCount": 1
			}
		],
		"underground_water_creature": [
			{
				"type": "minecraft:glow_squid",
				"weight": 10,
				"minCount": 4,
				"maxCount": 6
			}
		],
		"water_ambient": [
			{
				"type": "minecraft:tropical_fish",
				"weight": 25,
				"minCount": 8,
				"maxCount": 8
			}
		],
		"water_creature": []
	},
	"spawn_costs": {},
	"carvers": {
		"air": [
			"minecraft:cave",
			"minecraft:cave_extra_underground",
			"minecraft:canyon",
			"cavernous:grand_ravine",
			"cavernous:flat_cave",
			"cavernous:snaking_ravine"
		]
	},
	"features": [
		[],
		[
			"minecraft:lake_lava_underground",
			"minecraft:lake_lava_surface"
		],
		[
			"minecraft:amethyst_geode",
			"cavernous:big_geode"
		],
		[
			"minecraft:fossil_upper",
			"minecraft:fossil_lower",
			"minecraft:monster_room",
			"minecraft:monster_room_deep"
		],
		[
			"cavernous:lush/ancient/root_patch"
		],
		[
			"cavernous:lush/marsh/hanging_mangrove",
			"cavernous:lush/marsh/bamboo_patch",
			"cavernous:lush/marsh/ground_patch",
			"cavernous:lush/marsh/mini_mangrove",
			"cavernous:lush/marsh/pool",
			"cavernous:lush/marsh/waterlily_patch",
			"cavernous:lush/marsh/clay_ore"
		],
		[
			"minecraft:ore_dirt",
			"minecraft:ore_gravel",
			"minecraft:ore_granite_upper",
			"minecraft:ore_granite_lower",
			"minecraft:ore_diorite_upper",
			"minecraft:ore_diorite_lower",
			"minecraft:ore_andesite_upper",
			"minecraft:ore_andesite_lower",
			"minecraft:ore_tuff",
			"minecraft:ore_coal_upper",
			"minecraft:ore_coal_lower",
			"minecraft:ore_iron_upper",
			"minecraft:ore_iron_middle",
			"minecraft:ore_iron_small",
			"minecraft:ore_gold",
			"minecraft:ore_gold_lower",
			"minecraft:ore_redstone",
			"minecraft:ore_redstone_lower",
			"minecraft:ore_diamond",
			"minecraft:ore_diamond_large",
			"minecraft:ore_diamond_buried",
			"minecraft:ore_lapis",
			"minecraft:ore_lapis_buried",
			"minecraft:ore_copper",
			"minecraft:underwater_magma",
			"minecraft:disk_grass",
			"minecraft:disk_clay"
		],
		[],
		[
			"minecraft:spring_water"
		],
		[
			"minecraft:glow_lichen",
			"minecraft:patch_grass_normal"
		],
		[
			"cavernous:lush/underwater/kelp",
			"cavernous:lush/underwater/underwater_patch",
			"cavernous:lush/underwater/underwater_patch_2",
			"cavernous:lush/underwater/moss_disk",
			"minecraft:freeze_top_layer"
		]
	]
}
