{
	"feature": "cavernous:lava/basalt_lake",
	"placement": [
		{
			"type": "minecraft:in_square"
		},
		{
			"type": "minecraft:biome"
		},
		{
			"type": "minecraft:height_range",
			"height": {
				"type": "minecraft:uniform",
				"min_inclusive": {
					"above_bottom": 0
				},
				"max_inclusive": {
					"absolute": -10
				}
			}
		},
		{
			"type": "minecraft:count",
			"count": {
				"type": "minecraft:uniform",
				"value": {
					"min_inclusive": 2,
					"max_inclusive": 5
				}
			}
		},
		{
			"type": "minecraft:block_predicate_filter",
			"predicate": {
				"type": "minecraft:inside_world_bounds",
				"offset": [
					0,
					-5,
					0
				]
			}
		}
	]
}
