{
  "type": "minecraft:vegetation_patch",
  "config": {
    "depth": {
      "type": "minecraft:uniform",
      "value": {
        "max_inclusive": 2,
        "min_inclusive": 1
      }
    },
    "extra_bottom_block_chance": 0.0,
    "extra_edge_column_chance": 0.3,
    "ground_state": {
      "type": "minecraft:weighted_state_provider",
      "entries": [
        {
          "data": {
            "Name": "minecraft:soul_sand",
            "Properties": {}
          },
          "weight": 1
        },
        {
          "data": {
            "Name": "minecraft:netherrack",
            "Properties": {}
          },
          "weight": 3
        }
      ]
    },
    "replaceable": "#minecraft:bone_patch_replaceable",
    "surface": "ceiling",
    "vegetation_chance": 0.02,
    "vegetation_feature": {
      "feature": {
        "type": "block_column",
        "config": {
          "allowed_placement": {
            "type": "minecraft:matching_blocks",
            "blocks": "minecraft:air"
          },
          "direction": "down",
          "layers": [
            {
              "height": {
                "type": "uniform",
                "value": {
                  "min_inclusive": 1,
                  "max_inclusive": 4
                }
              },
              "provider": {
                "type": "minecraft:simple_state_provider",
                "state": {
                  "Name": "minecraft:bone_block",
                  "Properties": {
                    "axis": "y"
                  }
                }
              }
            }
          ],
          "prioritize_tip": true
        }
      },
      "placement": []
    },
    "vertical_range": 5,
    "xz_radius": {
      "type": "minecraft:uniform",
      "value": {
        "max_inclusive": 5,
        "min_inclusive": 3
      }
    }
  }
}