{
  "type": "minecraft:random_patch",
  "config": {
    "feature": {
      "feature": {
        "type": "minecraft:simple_block",
        "config": {
          "to_place": {
            "type": "minecraft:simple_state_provider",
            "state": {
              "Name": "minecraft:soul_fire"
            }
          }
        }
      },
      "placement": [
        {
          "type": "minecraft:block_predicate_filter",
          "predicate": {
            "type": "minecraft:all_of",
            "predicates": [
              {
                "type": "minecraft:matching_blocks",
                "blocks": "minecraft:air"
              },
              {
                "type": "any_of",
                "predicates": [
                  {
                    "type": "minecraft:matching_blocks",
                    "blocks": "minecraft:soul_soil",
                    "offset": [
                      0,
                      -1,
                      0
                    ]
                  },
                  {
                    "type": "minecraft:matching_blocks",
                    "blocks": "minecraft:soul_sand",
                    "offset": [
                      0,
                      -1,
                      0
                    ]
                  }
                ]
              }
            ]
          }
        }
      ]
    },
    "tries": 96,
    "xz_spread": 7,
    "y_spread": 3
  }
}