{
  "type": "minecraft:vegetation_patch",
  "config": {
    "depth": {
      "type": "minecraft:uniform",
      "value": {
        "max_inclusive": 2,
        "min_inclusive": 1
      }
    },
    "extra_bottom_block_chance": 0.0,
    "extra_edge_column_chance": 0.3,
    "ground_state": {
      "type": "weighted_state_provider",
      "entries": [
        {
          "data": {
            "Name": "minecraft:netherrack",
            "Properties": {}
          },
          "weight": 1
        },
        {
          "data": {
            "Name": "minecraft:warped_wart_block",
            "Properties": {}
          },
          "weight": 1
        }
      ]
    },
    "replaceable": "#weeping_patch_replaceable",
    "surface": "ceiling",
    "vegetation_chance": 0.0,
    "vegetation_feature": {
      "feature": "minecraft:twisting_vines",
      "placement": [
        {
          "type": "count",
          "count": 0
        }
      ]
    },
    "vertical_range": 5,
    "xz_radius": {
      "type": "minecraft:uniform",
      "value": {
        "max_inclusive": 15,
        "min_inclusive": 6
      }
    }
  }
}