{
  "type": "minecraft:vegetation_patch",
  "config": {
    "depth": {
      "type": "minecraft:uniform",
      "value": {
        "max_inclusive": 2,
        "min_inclusive": 1
      }
    },
    "extra_bottom_block_chance": 0.0,
    "extra_edge_column_chance": 0.3,
    "ground_state": {
      "type": "minecraft:weighted_state_provider",
      "entries": [
        {
          "data": {
            "Name": "minecraft:netherrack",
            "Properties": {}
          },
          "weight": 1
        },
        {
          "data": {
            "Name": "minecraft:nether_wart_block",
            "Properties": {}
          },
          "weight": 4
        }
      ]
    },
    "replaceable": "#weeping_patch_replaceable",
    "surface": "ceiling",
    "vegetation_chance": 0.2,
    "vegetation_feature": {
      "feature": {
        "type": "minecraft:block_column",
        "config": {
          "allowed_placement": {
            "type": "minecraft:matching_blocks",
            "blocks": "minecraft:air"
          },
          "direction": "down",
          "layers": [
            {
              "height": {
                "type": "minecraft:weighted_list",
                "distribution": [
                  {
                    "data": {
                      "type": "minecraft:uniform",
                      "value": {
                        "max_inclusive": 19,
                        "min_inclusive": 0
                      }
                    },
                    "weight": 2
                  },
                  {
                    "data": {
                      "type": "minecraft:uniform",
                      "value": {
                        "max_inclusive": 2,
                        "min_inclusive": 0
                      }
                    },
                    "weight": 3
                  },
                  {
                    "data": {
                      "type": "minecraft:uniform",
                      "value": {
                        "max_inclusive": 6,
                        "min_inclusive": 0
                      }
                    },
                    "weight": 10
                  }
                ]
              },
              "provider": {
                "type": "minecraft:simple_state_provider",
                "state": {
                  "Name": "minecraft:weeping_vines_plant"
                }
              }
            },
            {
              "height": 1,
              "provider": {
                "type": "minecraft:simple_state_provider",
                "state": {
                  "Name": "minecraft:weeping_vines",
                  "Properties": {
                    "age": "25"
                  }
                }
              }
            }
          ],
          "prioritize_tip": true
        }
      },
      "placement": []
    },
    "vertical_range": 5,
    "xz_radius": {
      "type": "minecraft:uniform",
      "value": {
        "max_inclusive": 15,
        "min_inclusive": 6
      }
    }
  }
}