{
  "config": {
    "features": [
      {
        "feature": {
          "config": {
            "features": [
              {
                "feature": {
                  "config": {
                    "features": [
                      {
                        "feature": {
                          "config": {
                            "decorators": [],
                            "dirt_provider": {
                              "state": {
                                "Name": "minecraft:dirt"
                              },
                              "type": "minecraft:simple_state_provider"
                            },
                            "foliage_placer": {
                              "height": 14,
                              "offset": 0,
                              "radius": 2,
                              "type": "minecraft:fancy_foliage_placer"
                            },
                            "foliage_provider": {
                              "state": {
                                "Name": "minecraft:mushroom_stem",
                                "Properties": {
                                  "down": "true",
                                  "east": "true",
                                  "north": "true",
                                  "south": "true",
                                  "up": "true",
                                  "west": "true"
                                }
                              },
                              "type": "minecraft:simple_state_provider"
                            },
                            "force_dirt": false,
                            "ignore_vines": true,
                            "minimum_size": {
                              "limit": 3,
                              "lower_size": 0,
                              "upper_size": 0,
                              "type": "minecraft:two_layers_feature_size"
                            },
                            "trunk_placer": {
                              "base_height": 9,
                              "height_rand_a": 2,
                              "height_rand_b": 0,
                              "type": "minecraft:straight_trunk_placer"
                            },
                            "trunk_provider": {
                              "state": {
                                "Name": "minecraft:mushroom_stem",
                                "Properties": {
                                  "down": "true",
                                  "east": "true",
                                  "north": "true",
                                  "south": "true",
                                  "up": "true",
                                  "west": "true"
                                }
                              },
                              "type": "minecraft:simple_state_provider"
                            }
                          },
                          "type": "minecraft:tree"
                        },
                        "placement": [
                          {
                            "predicate": {
                              "type": "minecraft:replaceable"
                            },
                            "type": "minecraft:block_predicate_filter"
                          }
                        ]
                      },
                      {
                        "feature": {
                          "config": {
                            "features": [
                              {
                                "feature": {
                                  "config": {
                                    "depth": 1,
                                    "extra_bottom_block_chance": 0.0,
                                    "extra_edge_column_chance": 0.0,
                                    "ground_state": {
                                      "state": {
                                        "Name": "minecraft:mushroom_stem",
                                        "Properties": {
                                          "down": "true",
                                          "east": "true",
                                          "north": "true",
                                          "south": "true",
                                          "up": "true",
                                          "west": "true"
                                        }
                                      },
                                      "type": "minecraft:simple_state_provider"
                                    },
                                    "replaceable": "#arboria:mushroom_blocks",
                                    "surface": "floor",
                                    "vegetation_chance": 1.0,
                                    "vegetation_feature": {
                                      "feature": {
                                        "config": {
                                          "allowed_placement": {
                                            "predicates": [
                                              {
                                                "blocks": "#arboria:mushroom_blocks",
                                                "type": "minecraft:matching_blocks"
                                              },
                                              {
                                                "type": "minecraft:replaceable"
                                              }
                                            ],
                                            "type": "minecraft:any_of"
                                          },
                                          "direction": "up",
                                          "layers": [
                                            {
                                              "height": {
                                                "value": {
                                                  "min_inclusive": 4,
                                                  "max_inclusive": 5
                                                },
                                                "type": "minecraft:uniform"
                                              },
                                              "provider": {
                                                "state": {
                                                  "Name": "minecraft:mushroom_stem",
                                                  "Properties": {
                                                    "down": "true",
                                                    "east": "true",
                                                    "north": "true",
                                                    "south": "true",
                                                    "up": "true",
                                                    "west": "true"
                                                  }
                                                },
                                                "type": "minecraft:simple_state_provider"
                                              }
                                            }
                                          ],
                                          "prioritize_tip": false
                                        },
                                        "type": "minecraft:block_column"
                                      },
                                      "placement": [
                                        {
                                          "predicate": {
                                            "predicates": [
                                              {
                                                "predicates": [
                                                  {
                                                    "blocks": "minecraft:mushroom_stem",
                                                    "offset": [
                                                      1,
                                                      -2,
                                                      0
                                                    ],
                                                    "type": "minecraft:matching_blocks"
                                                  },
                                                  {
                                                    "blocks": "minecraft:mushroom_stem",
                                                    "offset": [
                                                      -1,
                                                      -2,
                                                      0
                                                    ],
                                                    "type": "minecraft:matching_blocks"
                                                  }
                                                ],
                                                "type": "minecraft:all_of"
                                              },
                                              {
                                                "predicates": [
                                                  {
                                                    "blocks": "minecraft:mushroom_stem",
                                                    "offset": [
                                                      0,
                                                      -4,
                                                      1
                                                    ],
                                                    "type": "minecraft:matching_blocks"
                                                  },
                                                  {
                                                    "blocks": "minecraft:mushroom_stem",
                                                    "offset": [
                                                      0,
                                                      -4,
                                                      -1
                                                    ],
                                                    "type": "minecraft:matching_blocks"
                                                  }
                                                ],
                                                "type": "minecraft:all_of"
                                              }
                                            ],
                                            "type": "minecraft:any_of"
                                          },
                                          "type": "minecraft:block_predicate_filter"
                                        }
                                      ]
                                    },
                                    "vertical_range": 2,
                                    "xz_radius": 2
                                  },
                                  "type": "minecraft:vegetation_patch"
                                },
                                "placement": [
                                  {
                                    "predicate": {
                                      "offset": [
                                        0,
                                        1,
                                        0
                                      ],
                                      "type": "minecraft:replaceable"
                                    },
                                    "type": "minecraft:block_predicate_filter"
                                  }
                                ]
                              },
                              {
                                "feature": "arboria:brown_mushroom_tree/top/1",
                                "placement": [
                                  {
                                    "predicate": {
                                      "predicates": [
                                        {
                                          "blocks": "minecraft:mushroom_stem",
                                          "offset": [
                                            0,
                                            1,
                                            0
                                          ],
                                          "type": "minecraft:matching_blocks"
                                        },
                                        {
                                          "offset": [
                                            0,
                                            8,
                                            0
                                          ],
                                          "type": "minecraft:replaceable"
                                        }
                                      ],
                                      "type": "minecraft:all_of"
                                    },
                                    "type": "minecraft:block_predicate_filter"
                                  },
                                  {
                                    "xz_spread": 0,
                                    "y_spread": {
                                      "value": {
                                        "min_inclusive": 13,
                                        "max_inclusive": 14
                                      },
                                      "type": "minecraft:uniform"
                                    },
                                    "type": "minecraft:random_offset"
                                  }
                                ]
                              },
                              {
                                "feature": {
                                  "config": {
                                    "default": {
                                      "feature": "arboria:brown_mushroom_tree/branch_set/1",
                                      "placement": [
                                        {
                                          "xz_spread": 0,
                                          "y_spread": {
                                            "value": {
                                              "min_inclusive": 2,
                                              "max_inclusive": 7
                                            },
                                            "type": "minecraft:uniform"
                                          },
                                          "type": "minecraft:random_offset"
                                        }
                                      ]
                                    },
                                    "features": [
                                      {
                                        "chance": 0.4,
                                        "feature": {
                                          "feature": "arboria:brown_mushroom_tree/branch_set/1",
                                          "placement": [
                                            {
                                              "xz_spread": 0,
                                              "y_spread": {
                                                "value": {
                                                  "min_inclusive": 6,
                                                  "max_inclusive": 7
                                                },
                                                "type": "minecraft:uniform"
                                              },
                                              "type": "minecraft:random_offset"
                                            }
                                          ]
                                        }
                                      }
                                    ]
                                  },
                                  "type": "minecraft:random_selector"
                                },
                                "placement": [
                                  {
                                    "predicate": {
                                      "blocks": "minecraft:mushroom_stem",
                                      "offset": [
                                        0,
                                        10,
                                        0
                                      ],
                                      "type": "minecraft:matching_blocks"
                                    },
                                    "type": "minecraft:block_predicate_filter"
                                  },
                                  {
                                    "predicate": {
                                      "predicate": {
                                        "predicates": [
                                          {
                                            "blocks": "minecraft:mushroom_stem",
                                            "offset": [
                                              2,
                                              5,
                                              0
                                            ],
                                            "type": "minecraft:matching_blocks"
                                          },
                                          {
                                            "blocks": "minecraft:mushroom_stem",
                                            "offset": [
                                              2,
                                              6,
                                              0
                                            ],
                                            "type": "minecraft:matching_blocks"
                                          },
                                          {
                                            "blocks": "minecraft:mushroom_stem",
                                            "offset": [
                                              0,
                                              5,
                                              2
                                            ],
                                            "type": "minecraft:matching_blocks"
                                          },
                                          {
                                            "blocks": "minecraft:mushroom_stem",
                                            "offset": [
                                              0,
                                              6,
                                              2
                                            ],
                                            "type": "minecraft:matching_blocks"
                                          },
                                          {
                                            "blocks": "minecraft:mushroom_stem",
                                            "offset": [
                                              -2,
                                              5,
                                              0
                                            ],
                                            "type": "minecraft:matching_blocks"
                                          },
                                          {
                                            "blocks": "minecraft:mushroom_stem",
                                            "offset": [
                                              -2,
                                              6,
                                              0
                                            ],
                                            "type": "minecraft:matching_blocks"
                                          },
                                          {
                                            "blocks": "minecraft:mushroom_stem",
                                            "offset": [
                                              0,
                                              5,
                                              -2
                                            ],
                                            "type": "minecraft:matching_blocks"
                                          },
                                          {
                                            "blocks": "minecraft:mushroom_stem",
                                            "offset": [
                                              0,
                                              6,
                                              -2
                                            ],
                                            "type": "minecraft:matching_blocks"
                                          }
                                        ],
                                        "type": "minecraft:any_of"
                                      },
                                      "type": "minecraft:not"
                                    },
                                    "type": "minecraft:block_predicate_filter"
                                  },
                                  {
                                    "count": {
                                      "value": {
                                        "min_inclusive": 1,
                                        "max_inclusive": 6
                                      },
                                      "type": "minecraft:uniform"
                                    },
                                    "type": "minecraft:count"
                                  }
                                ]
                              }
                            ]
                          },
                          "type": "minecraft:simple_random_selector"
                        },
                        "placement": [
                          {
                            "predicate": {
                              "predicates": [
                                {
                                  "blocks": "minecraft:mushroom_stem",
                                  "type": "minecraft:matching_blocks"
                                },
                                {
                                  "offset": [
                                    0,
                                    15,
                                    0
                                  ],
                                  "type": "minecraft:replaceable"
                                }
                              ],
                              "type": "minecraft:all_of"
                            },
                            "type": "minecraft:block_predicate_filter"
                          },
                          {
                            "direction_of_search": "up",
                            "max_steps": 15,
                            "target_condition": {
                              "blocks": "minecraft:air",
                              "offset": [
                                0,
                                1,
                                0
                              ],
                              "type": "minecraft:matching_blocks"
                            },
                            "type": "minecraft:environment_scan"
                          },
                          {
                            "count": 48,
                            "type": "minecraft:count"
                          }
                        ]
                      }
                    ]
                  },
                  "type": "minecraft:simple_random_selector"
                },
                "placement": [
                  {
                    "predicate": {
                      "type": "minecraft:replaceable"
                    },
                    "type": "minecraft:block_predicate_filter"
                  },
                  {
                    "count": 28,
                    "type": "minecraft:count"
                  }
                ]
              },
              {
                "feature": "arboria:red_mushroom_tree/roots/1",
                "placement": [
                  {
                    "predicate": {
                      "blocks": "minecraft:mushroom_stem",
                      "type": "minecraft:matching_blocks"
                    },
                    "type": "minecraft:block_predicate_filter"
                  }
                ]
              }
            ]
          },
          "type": "minecraft:simple_random_selector"
        },
        "placement": [
          {
            "predicate": {
              "state": {
                "Name": "minecraft:brown_mushroom"
              },
              "type": "minecraft:would_survive"
            },
            "type": "minecraft:block_predicate_filter"
          },
          {
            "predicate": {
              "predicates": [
                {
                  "offset": [
                    1,
                    -2,
                    0
                  ],
                  "type": "minecraft:solid"
                },
                {
                  "offset": [
                    1,
                    -2,
                    1
                  ],
                  "type": "minecraft:solid"
                },
                {
                  "offset": [
                    0,
                    -2,
                    1
                  ],
                  "type": "minecraft:solid"
                },
                {
                  "offset": [
                    -1,
                    -2,
                    1
                  ],
                  "type": "minecraft:solid"
                },
                {
                  "offset": [
                    -1,
                    -2,
                    0
                  ],
                  "type": "minecraft:solid"
                },
                {
                  "offset": [
                    -1,
                    -2,
                    -1
                  ],
                  "type": "minecraft:solid"
                },
                {
                  "offset": [
                    0,
                    -2,
                    -1
                  ],
                  "type": "minecraft:solid"
                },
                {
                  "offset": [
                    1,
                    -2,
                    -1
                  ],
                  "type": "minecraft:solid"
                }
              ],
              "type": "minecraft:all_of"
            },
            "type": "minecraft:block_predicate_filter"
          },
          {
            "count": 32,
            "type": "minecraft:count"
          }
        ]
      }
    ]
  },
  "type": "minecraft:simple_random_selector"
}