{
    "feature": "world:bush_arid2",
    "placement": [
      {
        "type": "minecraft:rarity_filter",
        "chance": 2
      },
      {
        "type": "minecraft:count_on_every_layer",
        "count": 2
      },
      {
        "type": "minecraft:heightmap",
        "heightmap": "WORLD_SURFACE_WG"
      },
      {
        "type": "minecraft:block_predicate_filter",
        "predicate": {
          "type": "minecraft:all_of",
          "predicates": [
            {
              "type": "minecraft:replaceable"
            },
            {
              "type": "minecraft:would_survive",
              "state": {
                "Name": "minecraft:dark_oak_sapling"
              }
            }
          ]
        }
      },
      {
        "type": "minecraft:biome"
      }
    ]
  }
  