{
  "name": "revampedvillages:outpost/pool",
  "fallback": "revampedvillages:outpost/end",
  "elements": [
    {
      "weight": 30,
      "element": {
        "location": "revampedvillages:outpost/skirts/cage",
        "processors": "minecraft:empty",
		"projection": "rigid",
        "element_type": "minecraft:single_pool_element"
      }
    },  
    {
      "weight": 30,
      "element": {
        "location": "revampedvillages:outpost/skirts/camp",
        "processors": "minecraft:empty",
		"projection": "rigid",
        "element_type": "minecraft:single_pool_element"
      }
    },  
    {
      "weight": 30,
      "element": {
        "location": "revampedvillages:outpost/skirts/target",
        "processors": "minecraft:empty",
		"projection": "rigid",
        "element_type": "minecraft:single_pool_element"
      }
    }  
    
  ]
}