{
    "type": "entity",
    "pools": [
        {
            "rolls": 1,
            "bonus_rolls": 0,
            "entries": [
                {
                    "type": "item",
                    "conditions": [
                        {
                            "condition": "minecraft:killed_by_player"
                        },
                        {
                            "condition": "minecraft:entity_properties",
                            "entity": "killer_player",
                            "predicate": {
                                "nbt": "{Tags:[\"blaze_rod_test\"]}"
                            }
                        }
                    ],
                    "name": "blaze_rod",
                    "functions": [
                        {
                            "add": false,
                            "count": {
                                "type": "minecraft:uniform",
                                "max": 1.0,
                                "min": 0.0
                            },
                            "function": "minecraft:set_count"
                        },
                        {
                            "count": {
                                "type": "minecraft:uniform",
                                "max": 1.0,
                                "min": 0.0
                            },
                            "function": "minecraft:looting_enchant"
                        }
                    ]
                }
            ]
        }
    ]
}