{
    "effects": {
      "mood_sound": {
        "sound": "minecraft:ambient.cave",
        "tick_delay": 6000,
        "block_search_extent": 8,
        "offset": 2.0
      },
      "sky_color": 7254527,
      "fog_color": 12638463,
      "water_color": 8838884,
      "water_fog_color": 8838884,
      "grass_color": 11652932,
      "foliage_color": 11652932
    },
    "carvers": {
      "air": [
        "minecraft:cave",
        "minecraft:cave_extra_underground",
        "minecraft:canyon"
      ]
    },
    "features": [
      [],
      [
        "minecraft:lake_lava_underground",
        "minecraft:lake_lava_surface"
      ],
      [
        "minecraft:amethyst_geode"
      ],
      [
        "minecraft:monster_room",
        "minecraft:monster_room_deep"
      ],
      [],
      [],
      [
        "minecraft:ore_dirt",
        "minecraft:ore_gravel",
        "minecraft:ore_granite_upper",
        "minecraft:ore_granite_lower",
        "minecraft:ore_diorite_upper",
        "minecraft:ore_diorite_lower",
        "minecraft:ore_andesite_upper",
        "minecraft:ore_andesite_lower",
        "minecraft:ore_tuff",
        "minecraft:ore_coal_upper",
        "minecraft:ore_coal_lower",
        "minecraft:ore_iron_upper",
        "minecraft:ore_iron_middle",
        "minecraft:ore_iron_small",
        "minecraft:ore_gold",
        "minecraft:ore_gold_lower",
        "minecraft:ore_redstone",
        "minecraft:ore_redstone_lower",
        "minecraft:ore_diamond",
        "minecraft:ore_diamond_large",
        "minecraft:ore_diamond_buried",
        "minecraft:ore_lapis",
        "minecraft:ore_lapis_buried",
        "minecraft:ore_copper",
        "minecraft:underwater_magma",
        "minecraft:ore_gold_extra",
        "minecraft:disk_sand",
        "minecraft:disk_clay",
        "minecraft:disk_gravel"
      ],
      [],
      [
        "minecraft:spring_water",
        "minecraft:spring_lava"
      ],
      [ 
        "world:acacia_small",
        "world:acacia_small2",
        "world:puddles",
        "world:bush",
        "minecraft:glow_lichen",
        "minecraft:patch_grass_jungle",
        "minecraft:patch_dead_bush_badlands",
        "minecraft:brown_mushroom_normal",
        "minecraft:red_mushroom_normal",
        "minecraft:patch_sugar_cane_badlands",
        "minecraft:patch_pumpkin",
        "minecraft:vines",
        "minecraft:patch_cactus_decorated"
        
      ],
      [
        "minecraft:freeze_top_layer"
      ]
    ],
    "spawners": {
      "monster": [
        {
          "type": "minecraft:spider",
          "weight": 100,
          "minCount": 4,
          "maxCount": 4
        },
        {
          "type": "minecraft:zombie",
          "weight": 95,
          "minCount": 4,
          "maxCount": 4
        },
        {
          "type": "minecraft:zombie_villager",
          "weight": 5,
          "minCount": 1,
          "maxCount": 1
        },
        {
          "type": "minecraft:skeleton",
          "weight": 100,
          "minCount": 4,
          "maxCount": 4
        },
        {
          "type": "minecraft:creeper",
          "weight": 100,
          "minCount": 4,
          "maxCount": 4
        },
        {
          "type": "minecraft:slime",
          "weight": 100,
          "minCount": 4,
          "maxCount": 4
        },
        {
          "type": "minecraft:enderman",
          "weight": 10,
          "minCount": 1,
          "maxCount": 4
        },
        {
          "type": "minecraft:witch",
          "weight": 5,
          "minCount": 1,
          "maxCount": 1
        }
      ],
      "creature": [
        {
          "type": "minecraft:horse",
          "weight": 12,
          "minCount": 4,
          "maxCount": 4
        },
        {
          "type": "minecraft:pig",
          "weight": 10,
          "minCount": 4,
          "maxCount": 4
        },
        {
          "type": "minecraft:frog",
          "weight": 20,
          "minCount": 1,
          "maxCount": 2
        },
        {
          "type": "minecraft:parrot",
          "weight": 2,
          "minCount": 1,
          "maxCount": 2
        }
      ],
      "ambient": [
        {
          "type": "minecraft:bat",
          "weight": 10,
          "minCount": 8,
          "maxCount": 8
        }
      ],
      "axolotls": [
        {
          "type": "minecraft:axolotl",
          "weight": 1,
          "minCount": 3,
          "maxCount": 5
        }
      ],
      "underground_water_creature": [
        {
          "type": "minecraft:glow_squid",
          "weight": 10,
          "minCount": 4,
          "maxCount": 6
        }
      ],
      "water_creature": [
      ],
      "water_ambient": [
        {
          "type": "tropical_fish",
          "weight": 1,
          "minCount": 1,
          "maxCount": 1
        }
      ],
      "misc": []
    },
    "spawn_costs": {},
    "temperature": 2,
    "downfall": 0.45,
    "has_precipitation": true,
    "category": "forest"
  }