{
	"feature": "cavernous:dripstone/dense/dripstone_cluster_extra",
	"placement": [
		{
			"type": "minecraft:count",
			"count": {
				"type": "minecraft:uniform",
				"value": {
					"min_inclusive": 120,
					"max_inclusive": 140
				}
			}
		},
		{
			"type": "minecraft:in_square"
		},
		{
			"type": "minecraft:height_range",
			"height": {
				"type": "minecraft:uniform",
				"min_inclusive": {
					"above_bottom": 0
				},
				"max_inclusive": {
					"absolute": 256
				}
			}
		},
		{
			"type": "minecraft:biome"
		}
	]
}
