{
	"feature": "cavernous:lush/ancient/upside_down/cap",
	"placement": [
		{
			"type": "minecraft:in_square"
		},
		{
			"type": "minecraft:height_range",
			"height": {
				"type": "minecraft:uniform",
				"min_inclusive": {
					"above_bottom": 0
				},
				"max_inclusive": {
					"absolute": 192
				}
			}
		},
		{
			"type": "minecraft:environment_scan",
			"direction_of_search": "up",
			"max_steps": 12,
			"target_condition": {
				"type": "minecraft:all_of",
				"predicates": [
					{
						"type": "minecraft:matching_blocks",
						"offset": [
							0,
							0,
							0
						],
						"blocks": "minecraft:air"
					},
					{
						"type": "minecraft:matching_blocks",
						"offset": [
							0,
							1,
							0
						],
						"blocks": "minecraft:mushroom_stem"
					},
					{
						"type": "minecraft:matching_blocks",
						"offset": [
							0,
							2,
							0
						],
						"blocks": "minecraft:mushroom_stem"
					}
				]
			}
		},
		{
			"type": "minecraft:biome"
		}
	]
}
